message_id,status,failure,category,urgency,references_found,references_not_found,amounts,dates
MSG029546,processed,,complaint,high,LA016147,,,
MSG029547,processed,,loan_query,low,,,,
MSG029548,processed,,payment_issue,medium,,,,
MSG029549,processed,,complaint,high,,,,2025-11-17
MSG029550,processed,,complaint,high,,,,
MSG029551,processed,,complaint,high,LA031426,,,
MSG029552,processed,,kyc,low,LA029975,,,
MSG029553,processed,,payment_issue,high,,,649000.0,
MSG029554,processed,,loan_query,medium,,,,
MSG029555,processed,,kyc,low,,,,
MSG029556,processed,,complaint,low,,LA912837,,
MSG029557,processed,,kyc,low,LA020242,,,
MSG029558,processed,,complaint,medium,,,16000.0,2026-02-09
MSG029559,processed,,payment_issue,medium,LA031783,,,
MSG029560,processed,,kyc,medium,,,,
MSG029561,processed,,payment_issue,medium,LA022069,,,
MSG029562,processed,,loan_query,medium,,,144000.0,
MSG029563,processed,,complaint,high,,,,
MSG029564,processed,,loan_query,low,,,,
MSG029565,processed,,loan_query,low,,,,
MSG029566,processed,,payment_issue,high,,LA991989,,
MSG029567,processed,,complaint,high,LA002147,,,
MSG029568,processed,,kyc,high,,,,
MSG029569,processed,,payment_issue,high,,LA030164,,
MSG029570,processed,,payment_issue,low,,,,
MSG029571,processed,,loan_query,medium,,LA997623,,
MSG029572,processed,,payment_issue,high,,,,
MSG029573,processed,,loan_query,medium,,,815000.0,
MSG029574,processed,,payment_issue,high,,LA939349,,
MSG029575,processed,,kyc,high,,,,
MSG029576,processed,,kyc,high,LA005570,,,2025-04-19
MSG029577,processed,,loan_query,low,,,,
MSG029578,processed,,loan_query,low,,,788000.0,
MSG029579,processed,,complaint,high,,,,
MSG029580,processed,,complaint,high,,,,
MSG029581,processed,,kyc,medium,,,,
MSG029582,processed,,kyc,low,,,,
MSG029583,processed,,complaint,high,,LA012579,,
MSG029584,processed,,kyc,medium,,,,
MSG029585,processed,,loan_query,medium,,,,
MSG029586,processed,,complaint,low,,,,
MSG029587,processed,,loan_query,low,LA007892,,,
MSG029588,processed,,loan_query,low,,,884000.0,
MSG029589,processed,,payment_issue,high,,,,
MSG029590,processed,,complaint,high,,,,
MSG029591,processed,,payment_issue,medium,,,274000.0,
MSG029592,processed,,loan_query,high,,,,
MSG029593,processed,,loan_query,low,,,,
MSG029594,processed,,loan_query,low,,,,2026-08-03
MSG029595,processed,,loan_query,low,,,,
MSG029596,processed,,payment_issue,high,,,,
MSG029597,processed,,complaint,medium,,,,
MSG029598,processed,,complaint,high,,,,
MSG029599,processed,,loan_query,medium,,,,
MSG029600,processed,,loan_query,low,,,767000.0,
MSG029601,processed,,kyc,high,,,,
MSG029602,processed,,loan_query,medium,,,430000.0,
MSG029603,processed,,complaint,high,LA023773,,,
MSG029604,processed,,payment_issue,medium,,,178000.0,
MSG029605,processed,,kyc,low,,,,
MSG029606,processed,,payment_issue,medium,,,450000.0,
MSG029607,processed,,loan_query,low,,,,
MSG029608,processed,,complaint,medium,LA000998,,,
MSG029609,processed,,complaint,high,,,43000.0,
MSG029610,processed,,loan_query,medium,,,,
MSG029611,processed,,complaint,low,,,,
MSG029612,processed,,complaint,high,,,866000.0,
MSG029613,processed,,complaint,high,,,,2025-03-09
MSG029614,processed,,loan_query,medium,,,257000.0,
MSG029615,processed,,kyc,medium,,,,
MSG029616,processed,,payment_issue,high,,,,
MSG029617,processed,,complaint,high,,,,
MSG029618,processed,,payment_issue,high,,,,
MSG029619,processed,,complaint,medium,,,,
MSG029620,processed,,kyc,medium,LA021157,,,
MSG029621,processed,,kyc,low,,,,
MSG029622,processed,,kyc,high,,,,
MSG029623,processed,,complaint,low,,,,
MSG029624,processed,,payment_issue,medium,LA028529,,,
MSG029625,processed,,complaint,medium,,,,
MSG029626,processed,,kyc,low,,,,
MSG029627,processed,,payment_issue,medium,,,432000.0,
MSG029628,processed,,payment_issue,medium,,,,
MSG029629,processed,,complaint,medium,,,859000.0,
MSG029630,processed,,loan_query,medium,,,895000.0,2025-11-14
MSG029631,processed,,kyc,low,,,,
MSG029632,processed,,kyc,high,,,,
MSG029633,processed,,complaint,high,LA026018,,,
MSG029634,processed,,payment_issue,high,,,847000.0,
MSG029635,processed,,payment_issue,medium,,,459000.0,
MSG029636,processed,,loan_query,low,,,,
MSG029637,processed,,complaint,low,,,,
MSG029638,processed,,complaint,high,LA010152,,,
MSG029639,processed,,payment_issue,high,LA029596,,,
MSG029640,processed,,complaint,medium,,,439000.0,
MSG029641,processed,,loan_query,low,,,,
MSG029642,processed,,loan_query,low,,,,
MSG029643,processed,,loan_query,low,,,,
MSG029644,processed,,complaint,high,,,,
MSG029645,processed,,kyc,high,,,,
MSG029646,processed,,complaint,low,,,,
MSG029647,processed,,payment_issue,high,,,,
MSG029648,processed,,loan_query,medium,,,,
MSG029649,processed,,payment_issue,low,,,785000.0,
MSG029650,processed,,complaint,medium,,,,
MSG029651,processed,,complaint,low,,,,
MSG029652,processed,,kyc,low,,,,
MSG029653,processed,,loan_query,low,,,,
MSG029654,processed,,loan_query,medium,,,,
MSG029655,processed,,loan_query,low,,,,
MSG029656,processed,,complaint,medium,LA011961,,,
MSG029657,processed,,kyc,high,,,,
MSG029658,processed,,complaint,high,,LA022466,,
MSG029659,processed,,complaint,high,,,,
MSG029660,processed,,complaint,medium,,LA920163,,
MSG029661,processed,,complaint,high,,,837000.0,
MSG029662,processed,,complaint,high,LA016744,,,
MSG029663,processed,,complaint,high,LA002239,,,
MSG029664,processed,,loan_query,low,,,,2025-09-09
MSG029665,processed,,payment_issue,medium,,,,
MSG029666,processed,,loan_query,high,,,209000.0,
MSG029667,processed,,loan_query,medium,,,,
MSG029668,processed,,complaint,high,,,442000.0,
MSG029669,processed,,complaint,high,LA000095,,,
MSG029670,processed,,loan_query,low,,,,
MSG029671,processed,,kyc,medium,,,,
MSG029672,processed,,payment_issue,high,,,791000.0,
MSG029673,processed,,complaint,medium,LA006068,,,
MSG029674,processed,,complaint,medium,,,,
MSG029675,processed,,payment_issue,high,,,,
MSG029676,processed,,payment_issue,low,LA030844,,632000.0,
MSG029677,processed,,loan_query,medium,,,,2025-07-19
MSG029678,processed,,loan_query,medium,,,92000.0,
MSG029679,processed,,loan_query,low,,,,
MSG029680,processed,,complaint,high,LA031480,,,
MSG029681,processed,,complaint,high,,LA941887,,2025-01-25
MSG029682,processed,,complaint,medium,LA013552,,,
MSG029683,processed,,kyc,low,,,,
MSG029684,processed,,complaint,medium,LA031964,,,
MSG029685,processed,,kyc,low,LA001632,,,
MSG029686,processed,,complaint,medium,LA031924,,,
MSG029687,processed,,loan_query,medium,,,,
MSG029688,processed,,kyc,medium,,,,
MSG029689,processed,,kyc,low,,,,
MSG029690,processed,,loan_query,medium,,,,
MSG029691,processed,,loan_query,high,,,106000.0,
MSG029692,processed,,payment_issue,medium,,,,2025-03-31
MSG029693,processed,,kyc,low,,,,
MSG029694,processed,,loan_query,high,,,,
MSG029695,processed,,loan_query,low,,,,
MSG029696,processed,,kyc,high,,,,
MSG029697,processed,,payment_issue,high,,,688000.0,2025-02-02
MSG029698,processed,,loan_query,low,,,,
MSG029699,processed,,payment_issue,medium,,,84000.0,
MSG029700,processed,,kyc,medium,,,,
MSG029701,processed,,loan_query,low,,,,
MSG029702,processed,,loan_query,low,,,,
MSG029703,processed,,payment_issue,high,,,,
MSG029704,processed,,payment_issue,high,,,,
MSG029705,processed,,loan_query,high,,,,
MSG029706,processed,,complaint,high,,,,
MSG029707,processed,,complaint,high,,,201000.0,
MSG029708,processed,,payment_issue,high,,,,
MSG029709,processed,,complaint,high,,LA913665,,
MSG029710,processed,,payment_issue,low,,,,
MSG029711,processed,,loan_query,low,,,587000.0,
MSG029712,processed,,loan_query,medium,,,199000.0,
MSG029713,processed,,kyc,medium,,,,
MSG029714,processed,,payment_issue,high,,,,
MSG029715,processed,,kyc,low,,,,
MSG029716,processed,,complaint,high,,,,
MSG029717,processed,,payment_issue,high,,,81000.0,
MSG029718,processed,,payment_issue,high,,,,
MSG029719,processed,,loan_query,low,,,,
MSG029720,processed,,kyc,medium,LA007658,,,
MSG029721,processed,,loan_query,low,,,,
MSG029722,processed,,kyc,low,,,,
MSG029723,processed,,complaint,high,,,,
MSG029724,processed,,payment_issue,high,,,,
MSG029725,processed,,payment_issue,medium,,,441000.0,
MSG029726,processed,,payment_issue,medium,,,662000.0,
MSG029727,processed,,complaint,medium,,,,
MSG029728,processed,,kyc,low,,,,
MSG029729,processed,,kyc,low,,,,
MSG029730,processed,,loan_query,high,,,,
MSG029731,processed,,kyc,high,,,,
MSG029732,processed,,payment_issue,high,,,,2026-03-11
MSG029733,processed,,loan_query,medium,,,657000.0,
MSG029734,processed,,payment_issue,medium,,,,
MSG029735,processed,,complaint,high,,,,2026-06-13
MSG029736,processed,,complaint,high,,,,
MSG029737,processed,,loan_query,medium,,,,
MSG029738,processed,,loan_query,medium,,,,
MSG029739,processed,,payment_issue,medium,,,,
MSG029740,processed,,loan_query,low,,,,
MSG029741,processed,,loan_query,low,,,,
MSG029742,processed,,complaint,medium,,,,
MSG029743,processed,,kyc,high,,,,
MSG029744,processed,,payment_issue,medium,,,452000.0,
MSG029745,processed,,kyc,medium,,,,
MSG029746,processed,,payment_issue,medium,,,573000.0,
MSG029747,processed,,payment_issue,high,,LA954965,,
MSG029748,processed,,payment_issue,medium,,,,
MSG029749,processed,,complaint,high,,LA962601,,
MSG029750,processed,,complaint,medium,,,,
MSG029751,processed,,payment_issue,medium,,,,
MSG029752,processed,,loan_query,low,,,,
MSG029753,processed,,payment_issue,medium,,,481000.0,2026-10-15
MSG029754,processed,,kyc,high,,,,
MSG029755,processed,,complaint,high,,,,2025-06-09
MSG029756,processed,,kyc,high,,,,
MSG029757,processed,,payment_issue,low,,,,
MSG029758,processed,,payment_issue,high,,,,
MSG029759,processed,,payment_issue,high,,,,
MSG029760,processed,,payment_issue,high,LA001221,,,
MSG029761,processed,,complaint,medium,,,,
MSG029762,processed,,kyc,medium,,,,
MSG029763,processed,,complaint,high,LA025032,,,
MSG029764,processed,,loan_query,medium,,,,
MSG029765,processed,,kyc,medium,LA012636,,,
MSG029766,processed,,complaint,high,,,,
MSG029767,processed,,loan_query,low,,,411000.0,
MSG029768,processed,,loan_query,low,,,,
MSG029769,processed,,kyc,low,,LA998527,,
MSG029770,processed,,complaint,high,LA009669,,,
MSG029771,processed,,kyc,low,,,,2026-09-29
MSG029772,processed,,loan_query,medium,,,412000.0,
MSG029773,processed,,kyc,medium,,,,
MSG029774,processed,,payment_issue,low,,,,
MSG029775,processed,,kyc,medium,,,,
MSG029776,processed,,complaint,high,,,546000.0,
MSG029777,processed,,complaint,medium,,,,
MSG029778,processed,,complaint,low,,,,
MSG029779,processed,,kyc,high,LA025090,,,
MSG029780,processed,,kyc,low,,,,
MSG029781,processed,,complaint,medium,,,,
MSG029782,processed,,kyc,medium,,,,
MSG029783,processed,,payment_issue,high,,,781000.0,
MSG029784,processed,,complaint,high,,LA931885,,
MSG029785,processed,,loan_query,low,,,,
MSG029786,processed,,kyc,medium,,,,
MSG029787,processed,,payment_issue,medium,,,,
MSG029788,processed,,payment_issue,medium,,,,
MSG029789,processed,,kyc,high,,,,
MSG029790,processed,,kyc,low,,LA919781,,
MSG029791,processed,,payment_issue,medium,,,,
MSG029792,processed,,complaint,medium,,,500000.0,
MSG029793,processed,,complaint,low,,,,
MSG029794,processed,,loan_query,medium,,,,2026-12-28
MSG029795,processed,,loan_query,high,,,,
MSG029796,processed,,loan_query,low,,,,
MSG029797,processed,,payment_issue,medium,,,49000.0,
MSG029798,processed,,payment_issue,medium,,,,
MSG029799,processed,,loan_query,low,,,,
MSG029800,processed,,payment_issue,medium,,,519000.0,
MSG029801,processed,,loan_query,medium,,,384000.0,
MSG029802,processed,,kyc,low,,,,
MSG029803,processed,,payment_issue,medium,,,133000.0,
MSG029804,processed,,loan_query,low,,,,
MSG029805,processed,,complaint,high,LA011011,,,
MSG029806,processed,,complaint,high,,,86000.0,
MSG029807,processed,,kyc,high,,,,
MSG029808,processed,,loan_query,low,,,293000.0,
MSG029809,processed,,kyc,low,,,,
MSG029810,processed,,kyc,high,,,,
MSG029811,processed,,complaint,high,,,,
MSG029812,processed,,payment_issue,high,,,,
MSG029813,processed,,loan_query,low,,,,2026-11-05
MSG029814,processed,,complaint,low,,,,
MSG029815,processed,,loan_query,low,,,,
MSG029816,processed,,complaint,medium,,,,
MSG029817,processed,,payment_issue,medium,,,,
MSG029818,processed,,loan_query,low,,,,
MSG029819,processed,,kyc,medium,,,,
MSG029820,processed,,loan_query,high,,,,
MSG029821,processed,,payment_issue,medium,,,,
MSG029822,processed,,payment_issue,medium,,,68000.0,
MSG029823,processed,,kyc,low,,,,
MSG029824,processed,,payment_issue,high,,,,
MSG029825,processed,,loan_query,medium,,,101000.0,
MSG029826,processed,,complaint,high,LA024869,,,
MSG029827,processed,,payment_issue,medium,,,,
MSG029828,processed,,kyc,medium,,LA913334,,
MSG029829,processed,,loan_query,medium,,,,
MSG029830,processed,,complaint,high,,,,
MSG029831,processed,,complaint,high,LA006472,,,2025-04-30
MSG029832,processed,,payment_issue,medium,,,286000.0,
MSG029833,processed,,complaint,high,,,,
MSG029834,processed,,payment_issue,high,,,727000.0,2026-02-12
MSG029835,processed,,complaint,low,,,,
MSG029836,processed,,payment_issue,high,,LA937716,,2026-10-02
MSG029837,processed,,loan_query,low,,,,2025-09-02
MSG029838,processed,,loan_query,low,,,,
MSG029839,processed,,kyc,low,,,,
MSG029840,processed,,complaint,high,,LA002840,,
MSG029841,processed,,kyc,medium,,,,
MSG029842,processed,,complaint,high,,,,2026-08-07
MSG029843,processed,,loan_query,medium,,,347000.0,
MSG029844,processed,,payment_issue,high,,,564000.0,
MSG029845,processed,,loan_query,low,,,,
MSG029846,processed,,payment_issue,low,,,,
MSG029847,processed,,complaint,high,,,830000.0,
MSG029848,processed,,payment_issue,high,,,334000.0,
MSG029849,processed,,complaint,medium,,,,
MSG029850,processed,,loan_query,high,,,,
MSG029851,processed,,loan_query,low,,,,
MSG029852,processed,,payment_issue,medium,,,,
MSG029853,processed,,payment_issue,high,LA010745,,,
MSG029854,processed,,loan_query,low,,,,
MSG029855,processed,,payment_issue,high,,,,2025-12-01
MSG029856,processed,,complaint,high,,,,
MSG029857,processed,,payment_issue,high,,,,
MSG029858,processed,,payment_issue,medium,,,,
MSG029859,processed,,kyc,medium,,,,
MSG029860,processed,,loan_query,low,,,,
MSG029861,processed,,kyc,high,,,,
MSG029862,processed,,complaint,medium,,,689000.0,
MSG029863,processed,,loan_query,high,,,,
MSG029864,processed,,loan_query,medium,,,,
MSG029865,processed,,kyc,high,,,,
MSG029866,processed,,payment_issue,medium,,LA960111,,
MSG029867,processed,,payment_issue,medium,,,,
MSG029868,processed,,complaint,medium,,,9000.0,
MSG029869,processed,,loan_query,medium,,,,
MSG029870,processed,,payment_issue,high,,,704000.0,
MSG029871,processed,,complaint,medium,,,191000.0,
MSG029872,processed,,loan_query,low,,,,
MSG029873,processed,,kyc,medium,,,,
MSG029874,processed,,kyc,low,LA020136,,,
MSG029875,processed,,complaint,medium,,,149000.0,
MSG029876,processed,,kyc,medium,,,,
MSG029877,processed,,loan_query,medium,,,,
MSG029878,processed,,loan_query,low,,,,
MSG029879,processed,,kyc,high,,,,
MSG029880,processed,,kyc,high,,,,
MSG029881,processed,,payment_issue,medium,,,283000.0,
MSG029882,processed,,payment_issue,low,,,,
MSG029883,processed,,loan_query,low,,,,
MSG029884,processed,,kyc,low,,,,
MSG029885,processed,,kyc,medium,,,,2025-10-31
MSG029886,processed,,complaint,high,,,,
MSG029887,processed,,complaint,high,,,413000.0,
MSG029888,processed,,loan_query,low,,,,
MSG029889,processed,,loan_query,low,,,,
MSG029890,processed,,complaint,medium,,,,
MSG029891,processed,,loan_query,high,,,,
MSG029892,processed,,complaint,high,LA007459,,,
MSG029893,processed,,payment_issue,high,,,775000.0,
MSG029894,processed,,kyc,medium,,,,
MSG029895,processed,,complaint,medium,,,,
MSG029896,processed,,loan_query,medium,,,621000.0,
MSG029897,processed,,loan_query,low,,,,
MSG029898,processed,,complaint,high,LA004730,,,
MSG029899,processed,,loan_query,low,,,,
MSG029900,processed,,complaint,high,LA024747,,,
MSG029901,processed,,payment_issue,medium,,,,
MSG029902,processed,,payment_issue,high,,,,
MSG029903,processed,,complaint,high,,LA906663,,
MSG029904,processed,,payment_issue,high,,,,
MSG029905,processed,,complaint,high,,,,
MSG029906,processed,,payment_issue,high,,,,
MSG029907,processed,,kyc,low,,,,
MSG029908,processed,,loan_query,medium,,,,
MSG029909,processed,,loan_query,high,,,,
MSG029910,processed,,complaint,low,,,297000.0,
MSG029911,processed,,loan_query,medium,,,,
MSG029912,processed,,payment_issue,high,,,,
MSG029913,processed,,complaint,high,,,,
MSG029914,processed,,payment_issue,medium,,,192000.0,
MSG029915,processed,,payment_issue,high,,,,2025-12-29
MSG029916,processed,,kyc,low,,,,
MSG029917,processed,,loan_query,medium,,,,
MSG029918,processed,,loan_query,low,,,838000.0,
MSG029919,processed,,complaint,low,,,,2026-11-08
MSG029920,processed,,loan_query,low,,,,
MSG029921,processed,,complaint,high,,,,
MSG029922,processed,,kyc,high,,,,
MSG029923,processed,,complaint,low,,,,
MSG029924,processed,,payment_issue,low,,,,
MSG029925,processed,,loan_query,low,,,,
MSG029926,processed,,complaint,high,LA016293,,,
MSG029927,processed,,loan_query,low,LA014252,,,
MSG029928,processed,,kyc,high,,,,
MSG029929,processed,,loan_query,low,,,,
MSG029930,processed,,loan_query,low,,,,
MSG029931,processed,,payment_issue,high,,,,
MSG029932,processed,,loan_query,low,,,,
MSG029933,processed,,complaint,medium,,,,
MSG029934,processed,,complaint,high,,,,
MSG029935,processed,,complaint,medium,,,,
MSG029936,processed,,loan_query,medium,,,853000.0,
MSG029937,processed,,complaint,high,,,,
MSG029938,processed,,payment_issue,high,,,,
MSG029939,processed,,loan_query,medium,,,,2026-07-04
MSG029940,processed,,payment_issue,high,,,62000.0,
MSG029941,processed,,complaint,high,LA007943,,,
MSG029942,processed,,complaint,medium,,,,
MSG029943,processed,,kyc,low,,,,
MSG029944,processed,,kyc,low,,,,
MSG029945,processed,,kyc,low,,,,
MSG029946,processed,,kyc,low,,,,
MSG029947,processed,,payment_issue,low,,,,
MSG029948,processed,,payment_issue,high,,,9000.0,
MSG029949,processed,,kyc,medium,,,,
MSG029950,processed,,complaint,high,,,,
MSG029951,processed,,loan_query,medium,,,,
MSG029952,processed,,complaint,medium,,LA975897,,
MSG029953,processed,,kyc,low,,,,
MSG029954,processed,,complaint,high,,,,
MSG029955,processed,,payment_issue,medium,,,,
MSG029956,processed,,kyc,medium,,,,
MSG029957,processed,,kyc,high,,,,
MSG029958,processed,,kyc,medium,,,,
MSG029959,processed,,loan_query,medium,,,,
MSG029960,processed,,complaint,high,,,,
MSG029961,processed,,payment_issue,high,,,,
MSG029962,processed,,complaint,medium,LA000590,,,
MSG029963,processed,,payment_issue,low,,,,
MSG029964,processed,,payment_issue,high,,,,
MSG029965,processed,,payment_issue,medium,,,751000.0,2025-08-31
MSG029966,processed,,payment_issue,low,,,,
MSG029967,processed,,complaint,medium,,LA946010,,
MSG029968,processed,,kyc,high,,,,
MSG029969,processed,,loan_query,medium,,,162000.0,
MSG029970,processed,,payment_issue,medium,,,,2026-06-03
MSG029971,processed,,payment_issue,medium,,,,
MSG029972,processed,,loan_query,low,,,,
MSG029973,processed,,loan_query,high,,,,
MSG029974,processed,,kyc,medium,,,,
MSG029975,processed,,kyc,medium,,LA979319,,
MSG029976,processed,,loan_query,low,,,,
MSG029977,processed,,complaint,medium,,,,2025-08-09
MSG029978,processed,,loan_query,high,,,,
MSG029979,processed,,kyc,medium,,,333000.0,
MSG029980,processed,,payment_issue,high,LA001759,,,
MSG029981,processed,,kyc,high,,,,2025-08-07
MSG029982,processed,,kyc,low,,,,
MSG029983,processed,,kyc,medium,,,,
MSG029984,processed,,payment_issue,high,,,,
MSG029985,processed,,loan_query,low,,,,
MSG029986,processed,,loan_query,low,,,,
MSG029987,processed,,loan_query,low,,,,
MSG029988,processed,,complaint,low,,LA946360,,
MSG029989,processed,,payment_issue,medium,,,,
MSG029990,processed,,complaint,high,,,,
MSG029991,processed,,payment_issue,high,,,,
MSG029992,processed,,loan_query,medium,,,,
MSG029993,processed,,payment_issue,low,,,,
MSG029994,processed,,payment_issue,high,,,,2026-04-08
MSG029995,processed,,kyc,medium,,,,
MSG029996,processed,,loan_query,low,,,,
MSG029997,processed,,kyc,high,,,,
MSG029998,processed,,loan_query,high,,,682000.0,
MSG029999,processed,,complaint,high,LA022513,,,
MSG030000,processed,,loan_query,medium,,,,
MSX000,failed,Message is not a valid text string,,,,,,
MSX001,failed,Message is not a valid text string,,,,,,
MSX002,failed,Message is not a valid text string,,,,,,
MSX003,failed,Message is not a valid text string,,,,,,
MSX004,failed,Message is not a valid text string,,,,,,
MSX005,failed,Message is not a valid text string,,,,,,
MSX006,failed,Message is not a valid text string,,,,,,
MSX007,failed,Message is not a valid text string,,,,,,
MSX008,failed,Message is not a valid text string,,,,,,
MSX009,failed,Message is not a valid text string,,,,,,
MSX010,failed,Message is not a valid text string,,,,,,
MSX011,failed,Message is not a valid text string,,,,,,
MSX012,failed,Message is not a valid text string,,,,,,
MSX013,failed,Message is not a valid text string,,,,,,
MSX014,failed,Message is not a valid text string,,,,,,
MSX015,failed,Message is not a valid text string,,,,,,
MSX016,failed,Message is not a valid text string,,,,,,
MSX017,failed,Message is not a valid text string,,,,,,
MSX018,failed,Message is not a valid text string,,,,,,
MSX019,failed,Message is not a valid text string,,,,,,
MSX100,failed,Message is too long,,,,,,
MSX101,failed,Message is too long,,,,,,
MSX102,failed,Message is too long,,,,,,
MSX103,failed,Message is too long,,,,,,
MSX104,failed,Message is too long,,,,,,
MSX105,failed,Message is too long,,,,,,
MSX106,failed,Message is too long,,,,,,
MSX107,failed,Message is too long,,,,,,
MSX108,failed,Message is too long,,,,,,
MSX109,failed,Message is too long,,,,,,
MSX200,failed,Message contains corrupted replacement characters,,,,,,
MSX201,failed,Message contains corrupted replacement characters,,,,,,
MSX202,failed,Message contains corrupted replacement characters,,,,,,
MSX203,failed,Message contains corrupted replacement characters,,,,,,
MSX204,failed,Message contains corrupted replacement characters,,,,,,
MSX205,failed,Message contains corrupted replacement characters,,,,,,
MSX206,failed,Message contains corrupted replacement characters,,,,,,
MSX207,failed,Message contains corrupted replacement characters,,,,,,
MSX208,failed,Message contains corrupted replacement characters,,,,,,
MSX209,failed,Message contains corrupted replacement characters,,,,,,
MSX210,failed,Message contains corrupted replacement characters,,,,,,
MSX211,failed,Message contains corrupted replacement characters,,,,,,
MSX212,failed,Message contains corrupted replacement characters,,,,,,
MSX213,failed,Message contains corrupted replacement characters,,,,,,
MSX214,failed,Message contains corrupted replacement characters,,,,,,
