application_id,default_probability
LP000001,0.832058
LP000002,0.71984
LP000003,0.910687
LP000004,0.11569
LP000005,0.106711
LP000006,0.750608
LP000007,0.343207
LP000008,0.377614
LP000009,0.659887
LP000010,0.674955
LP000011,0.57274
LP000012,0.431421
LP000013,0.552928
LP000014,0.314016
LP000015,0.864474
LP000016,0.795601
LP000017,0.182118
LP000018,0.77281
LP000019,0.13014
LP000020,0.124812
LP000021,0.184299
LP000022,0.3769
LP000023,0.059495
LP000024,0.688466
LP000025,0.710071
LP000026,0.976047
LP000027,0.370505
LP000028,0.171702
LP000029,0.56084
LP000030,0.652213
LP000031,0.541467
LP000032,0.232612
LP000033,0.299618
LP000034,0.093621
LP000035,0.142731
LP000036,0.875355
LP000037,0.606433
LP000038,0.550994
LP000039,0.932493
LP000040,0.837477
LP000041,0.378103
LP000042,0.096052
LP000043,0.302033
LP000044,0.089314
LP000045,0.539729
LP000046,0.867538
LP000047,0.883845
LP000048,0.677173
LP000049,0.863189
LP000050,0.450769
LP000051,0.253787
LP000052,0.073001
LP000053,0.769501
LP000054,0.085236
LP000055,0.141711
LP000056,0.288842
LP000057,0.924834
LP000058,0.291302
LP000059,0.692945
LP000060,0.096957
LP000061,0.212015
LP000062,0.069131
LP000063,0.959449
LP000064,0.382831
LP000065,0.365114
LP000066,0.419994
LP000067,0.046186
LP000068,0.922139
LP000069,0.459127
LP000070,0.38357
LP000071,0.775269
LP000072,0.417816
LP000073,0.075852
LP000074,0.10254
LP000075,0.077999
LP000076,0.207263
LP000077,0.111096
LP000078,0.099102
LP000079,0.672321
LP000080,0.879107
LP000081,0.793074
LP000082,0.310876
LP000083,0.823793
LP000084,0.13407
LP000085,0.920691
LP000086,0.757811
LP000087,0.189724
LP000088,0.12295
LP000089,0.130411
LP000090,0.814717
LP000091,0.730713
LP000092,0.298131
LP000093,0.121384
LP000094,0.09341
LP000095,0.16143
LP000096,0.120144
LP000097,0.419764
LP000098,0.158849
LP000099,0.622418
LP000100,0.877965
LP000101,0.727065
LP000102,0.896117
LP000103,0.158688
LP000104,0.424344
LP000105,0.278199
LP000106,0.496832
LP000107,0.665501
LP000108,0.51788
LP000109,0.504999
LP000110,0.324304
LP000111,0.836829
LP000112,0.085688
LP000113,0.323253
LP000114,0.243277
LP000115,0.14645
LP000116,0.910478
LP000117,0.404702
LP000118,0.059596
LP000119,0.266251
LP000120,0.043233
LP000121,0.226224
LP000122,0.3209
LP000123,0.040693
LP000124,0.067731
LP000125,0.160137
LP000126,0.050785
LP000127,0.596647
LP000128,0.151689
LP000129,0.287975
LP000130,0.520787
LP000131,0.67252
LP000132,0.121743
LP000133,0.797289
LP000134,0.964769
LP000135,0.209835
LP000136,0.512226
LP000137,0.576904
LP000138,0.706394
LP000139,0.835712
LP000140,0.273447
LP000141,0.798134
LP000142,0.322131
LP000143,0.314059
LP000144,0.175042
LP000145,0.198762
LP000146,0.193731
LP000147,0.1268
LP000148,0.40978
LP000149,0.652352
LP000150,0.024457
LP000151,0.181596
LP000152,0.030872
LP000153,0.043567
LP000154,0.18774
LP000155,0.550046
LP000156,0.615995
LP000157,0.460714
LP000158,0.021576
LP000159,0.758477
LP000160,0.631298
LP000161,0.199192
LP000162,0.193756
LP000163,0.313097
LP000164,0.063331
LP000165,0.034848
LP000166,0.055624
LP000167,0.188275
LP000168,0.325058
LP000169,0.232654
LP000170,0.161638
LP000171,0.192379
LP000172,0.630896
LP000173,0.144752
LP000174,0.335622
LP000175,0.11786
LP000176,0.14769
LP000177,0.902591
LP000178,0.181331
LP000179,0.040765
LP000180,0.460514
LP000181,0.42781
LP000182,0.093366
LP000183,0.063249
LP000184,0.257307
LP000185,0.090904
LP000186,0.828614
LP000187,0.124514
LP000188,0.029717
LP000189,0.671601
LP000190,0.045493
LP000191,0.902223
LP000192,0.092534
LP000193,0.126423
LP000194,0.832179
LP000195,0.095668
LP000196,0.180789
LP000197,0.41402
LP000198,0.33426
LP000199,0.044021
LP000200,0.198886
LP000201,0.833207
LP000202,0.095162
LP000203,0.412643
LP000204,0.218302
LP000205,0.236269
LP000206,0.160614
LP000207,0.292657
LP000208,0.173912
LP000209,0.815753
LP000210,0.04926
LP000211,0.298729
LP000212,0.447416
LP000213,0.94846
LP000214,0.65394
LP000215,0.471025
LP000216,0.784441
LP000217,0.416318
LP000218,0.655677
LP000219,0.962504
LP000220,0.021487
LP000221,0.024432
LP000222,0.629907
LP000223,0.031554
LP000224,0.397892
LP000225,0.52838
LP000226,0.580253
LP000227,0.436415
LP000228,0.832493
LP000229,0.539327
LP000230,0.167717
LP000231,0.539965
LP000232,0.064608
LP000233,0.500626
LP000234,0.102967
LP000235,0.731868
LP000236,0.605133
LP000237,0.251829
LP000238,0.915653
LP000239,0.321799
LP000240,0.298158
LP000241,0.085144
LP000242,0.197422
LP000243,0.139235
LP000244,0.19081
LP000245,0.480325
LP000246,0.11434
LP000247,0.148324
LP000248,0.311471
LP000249,0.315355
LP000250,0.12189
LP000251,0.492965
LP000252,0.190658
LP000253,0.891701
LP000254,0.242717
LP000255,0.767388
LP000256,0.174686
LP000257,0.007029
LP000258,0.576463
LP000259,0.088717
LP000260,0.417952
LP000261,0.82932
LP000262,0.759671
LP000263,0.371284
LP000264,0.634775
LP000265,0.63359
LP000266,0.848066
LP000267,0.469092
LP000268,0.283408
LP000269,0.084826
LP000270,0.978331
LP000271,0.044213
LP000272,0.280157
LP000273,0.961585
LP000274,0.963386
LP000275,0.276497
LP000276,0.092265
LP000277,0.104351
LP000278,0.861258
LP000279,0.543442
LP000280,0.427441
LP000281,0.132313
LP000282,0.713953
LP000283,0.905609
LP000284,0.101651
LP000285,0.92673
LP000286,0.394851
LP000287,0.170976
LP000288,0.179234
LP000289,0.330113
LP000290,0.392155
LP000291,0.07107
LP000292,0.464988
LP000293,0.755532
LP000294,0.276597
LP000295,0.249268
LP000296,0.309662
LP000297,0.236523
LP000298,0.883099
LP000299,0.398745
LP000300,0.257871
LP000301,0.605799
LP000302,0.478467
LP000303,0.243968
LP000304,0.400785
LP000305,0.58496
LP000306,0.233017
LP000307,0.406773
LP000308,0.161088
LP000309,0.593966
LP000310,0.503654
LP000311,0.276196
LP000312,0.348883
LP000313,0.917597
LP000314,0.200089
LP000315,0.694034
LP000316,0.789759
LP000317,0.542917
LP000318,0.811198
LP000319,0.420606
LP000320,0.090155
LP000321,0.489603
LP000322,0.202637
LP000323,0.215378
LP000324,0.90713
LP000325,0.369351
LP000326,0.195675
LP000327,0.758121
LP000328,0.090968
LP000329,0.216635
LP000330,0.65001
LP000331,0.330837
LP000332,0.454866
LP000333,0.122855
LP000334,0.090466
LP000335,0.060774
LP000336,0.221423
LP000337,0.55931
LP000338,0.074751
LP000339,0.659585
LP000340,0.37824
LP000341,0.840139
LP000342,0.955864
LP000343,0.482761
LP000344,0.649386
LP000345,0.093228
LP000346,0.044005
LP000347,0.063821
LP000348,0.463701
LP000349,0.301668
LP000350,0.435463
LP000351,0.158935
LP000352,0.31814
LP000353,0.162417
LP000354,0.399543
LP000355,0.883304
LP000356,0.968357
LP000357,0.631761
LP000358,0.259195
LP000359,0.311321
LP000360,0.539107
LP000361,0.52933
LP000362,0.29053
LP000363,0.168694
LP000364,0.821121
LP000365,0.156435
LP000366,0.051314
LP000367,0.728037
LP000368,0.442374
LP000369,0.79679
LP000370,0.665736
LP000371,0.66016
LP000372,0.256833
LP000373,0.3135
LP000374,0.668716
LP000375,0.459353
LP000376,0.363086
LP000377,0.951522
LP000378,0.746575
LP000379,0.377155
LP000380,0.142766
LP000381,0.043632
LP000382,0.665142
LP000383,0.119511
LP000384,0.260763
LP000385,0.078737
LP000386,0.10211
LP000387,0.520502
LP000388,0.318264
LP000389,0.256574
LP000390,0.046652
LP000391,0.087957
LP000392,0.378682
LP000393,0.22046
LP000394,0.075582
LP000395,0.21579
LP000396,0.377105
LP000397,0.8779
LP000398,0.318461
LP000399,0.52123
LP000400,0.404598
LP000401,0.335554
LP000402,0.163789
LP000403,0.120757
LP000404,0.808319
LP000405,0.774912
LP000406,0.170341
LP000407,0.233138
LP000408,0.67528
LP000409,0.688992
LP000410,0.274165
LP000411,0.345647
LP000412,0.322413
LP000413,0.739538
LP000414,0.959911
LP000415,0.121708
LP000416,0.031689
LP000417,0.708327
LP000418,0.695804
LP000419,0.184797
LP000420,0.459448
LP000421,0.295144
LP000422,0.449269
LP000423,0.76479
LP000424,0.211055
LP000425,0.762964
LP000426,0.57644
LP000427,0.526551
LP000428,0.58514
LP000429,0.034817
LP000430,0.763625
LP000431,0.830469
LP000432,0.810725
LP000433,0.280721
LP000434,0.257711
LP000435,0.39004
LP000436,0.203121
LP000437,0.254889
LP000438,0.778521
LP000439,0.661363
LP000440,0.421614
LP000441,0.76782
LP000442,0.471839
LP000443,0.212263
LP000444,0.214426
LP000445,0.062158
LP000446,0.682917
LP000447,0.234146
LP000448,0.08899
LP000449,0.142184
LP000450,0.938702
LP000451,0.490711
LP000452,0.343486
LP000453,0.12414
LP000454,0.559568
LP000455,0.475014
LP000456,0.649302
LP000457,0.805674
LP000458,0.604621
LP000459,0.258597
LP000460,0.116729
LP000461,0.160039
LP000462,0.294021
LP000463,0.921587
LP000464,0.264935
LP000465,0.657971
LP000466,0.092863
LP000467,0.773936
LP000468,0.130947
LP000469,0.08826
LP000470,0.789475
LP000471,0.192123
LP000472,0.67703
LP000473,0.483606
LP000474,0.583369
LP000475,0.058009
LP000476,0.598249
LP000477,0.1198
LP000478,0.204477
LP000479,0.574857
LP000480,0.369573
LP000481,0.184484
LP000482,0.361965
LP000483,0.543442
LP000484,0.780752
LP000485,0.258454
LP000486,0.169414
LP000487,0.247117
LP000488,0.051721
LP000489,0.154783
LP000490,0.757944
LP000491,0.16208
LP000492,0.188407
LP000493,0.163877
LP000494,0.498328
LP000495,0.196417
LP000496,0.265739
LP000497,0.695675
LP000498,0.601563
LP000499,0.818694
LP000500,0.279933
LP000501,0.393186
LP000502,0.793166
LP000503,0.077409
LP000504,0.928625
LP000505,0.670521
LP000506,0.035216
LP000507,0.269871
LP000508,0.609928
LP000509,0.887402
LP000510,0.658575
LP000511,0.585537
LP000512,0.091377
LP000513,0.039086
LP000514,0.163538
LP000515,0.367459
LP000516,0.361547
LP000517,0.655251
LP000518,0.959363
LP000519,0.547506
LP000520,0.329289
LP000521,0.258951
LP000522,0.095495
LP000523,0.684193
LP000524,0.383605
LP000525,0.530461
LP000526,0.163697
LP000527,0.734039
LP000528,0.245005
LP000529,0.933402
LP000530,0.043529
LP000531,0.745521
LP000532,0.821718
LP000533,0.940492
LP000534,0.160389
LP000535,0.366427
LP000536,0.763908
LP000537,0.58803
LP000538,0.03331
LP000539,0.394151
LP000540,0.12617
LP000541,0.321113
LP000542,0.063443
LP000543,0.056774
LP000544,0.494996
LP000545,0.14961
LP000546,0.055314
LP000547,0.237982
LP000548,0.611312
LP000549,0.723983
LP000550,0.460879
LP000551,0.548352
LP000552,0.559826
LP000553,0.046667
LP000554,0.852575
LP000555,0.183704
LP000556,0.213677
LP000557,0.760984
LP000558,0.941298
LP000559,0.095103
LP000560,0.045404
LP000561,0.297109
LP000562,0.91457
LP000563,0.521815
LP000564,0.444644
LP000565,0.142982
LP000566,0.637722
LP000567,0.31731
LP000568,0.117506
LP000569,0.28904
LP000570,0.116534
LP000571,0.186272
LP000572,0.411069
LP000573,0.867205
LP000574,0.834743
LP000575,0.291439
LP000576,0.087276
LP000577,0.557951
LP000578,0.647133
LP000579,0.179755
LP000580,0.128737
LP000581,0.014525
LP000582,0.349091
LP000583,0.98064
LP000584,0.03534
LP000585,0.126538
LP000586,0.363165
LP000587,0.099985
LP000588,0.121923
LP000589,0.249204
LP000590,0.142715
LP000591,0.019184
LP000592,0.219294
LP000593,0.08662
LP000594,0.108546
LP000595,0.914408
LP000596,0.235124
LP000597,0.381376
LP000598,0.14555
LP000599,0.371753
LP000600,0.018735
LP000601,0.073759
LP000602,0.769585
LP000603,0.086109
LP000604,0.12443
LP000605,0.63665
LP000606,0.598751
LP000607,0.586953
LP000608,0.190613
LP000609,0.029719
LP000610,0.832281
LP000611,0.884952
LP000612,0.09408
LP000613,0.198933
LP000614,0.276875
LP000615,0.364827
LP000616,0.702924
LP000617,0.068624
LP000618,0.694209
LP000619,0.189876
LP000620,0.869079
LP000621,0.685382
LP000622,0.2081
LP000623,0.101566
LP000624,0.771044
LP000625,0.548318
LP000626,0.024117
LP000627,0.306603
LP000628,0.259741
LP000629,0.6003
LP000630,0.215963
LP000631,0.696297
LP000632,0.493766
LP000633,0.079884
LP000634,0.640468
LP000635,0.77329
LP000636,0.615888
LP000637,0.678013
LP000638,0.112084
LP000639,0.857742
LP000640,0.106322
LP000641,0.090048
LP000642,0.975325
LP000643,0.103805
LP000644,0.437666
LP000645,0.367502
LP000646,0.726342
LP000647,0.04669
LP000648,0.048729
LP000649,0.533548
LP000650,0.740028
LP000651,0.826721
LP000652,0.272026
LP000653,0.262908
LP000654,0.1788
LP000655,0.960515
LP000656,0.497557
LP000657,0.899797
LP000658,0.519242
LP000659,0.56962
LP000660,0.552309
LP000661,0.227584
LP000662,0.502408
LP000663,0.596801
LP000664,0.242237
LP000665,0.311837
LP000666,0.214918
LP000667,0.152111
LP000668,0.033075
LP000669,0.325975
LP000670,0.05044
LP000671,0.046516
LP000672,0.313801
LP000673,0.077691
LP000674,0.15953
LP000675,0.075782
LP000676,0.17057
LP000677,0.119956
LP000678,0.747937
LP000679,0.458818
LP000680,0.523973
LP000681,0.810433
LP000682,0.296245
LP000683,0.030742
LP000684,0.274832
LP000685,0.059327
LP000686,0.095077
LP000687,0.656908
LP000688,0.282718
LP000689,0.129025
LP000690,0.296634
LP000691,0.112909
LP000692,0.559432
LP000693,0.987578
LP000694,0.200818
LP000695,0.941382
LP000696,0.152552
LP000697,0.182109
LP000698,0.283537
LP000699,0.078538
LP000700,0.125821
LP000701,0.921037
LP000702,0.698263
LP000703,0.646927
LP000704,0.754933
LP000705,0.775533
LP000706,0.682277
LP000707,0.091732
LP000708,0.414466
LP000709,0.662812
LP000710,0.455991
LP000711,0.265162
LP000712,0.736398
LP000713,0.166488
LP000714,0.188793
LP000715,0.760695
LP000716,0.453781
LP000717,0.548372
LP000718,0.506101
LP000719,0.222917
LP000720,0.327587
LP000721,0.699798
LP000722,0.301126
LP000723,0.729534
LP000724,0.766943
LP000725,0.253638
LP000726,0.250438
LP000727,0.746583
LP000728,0.97026
LP000729,0.42611
LP000730,0.626168
LP000731,0.440155
LP000732,0.46258
LP000733,0.773641
LP000734,0.838771
LP000735,0.03416
LP000736,0.532465
LP000737,0.542942
LP000738,0.203528
LP000739,0.376826
LP000740,0.578192
LP000741,0.22028
LP000742,0.890171
LP000743,0.90869
LP000744,0.238464
LP000745,0.056819
LP000746,0.313831
LP000747,0.831241
LP000748,0.663579
LP000749,0.373391
LP000750,0.211441
LP000751,0.288399
LP000752,0.29424
LP000753,0.297607
LP000754,0.091862
LP000755,0.531094
LP000756,0.08108
LP000757,0.104142
LP000758,0.575938
LP000759,0.079242
LP000760,0.415261
LP000761,0.594627
LP000762,0.303637
LP000763,0.685262
LP000764,0.455556
LP000765,0.126695
LP000766,0.120735
LP000767,0.327628
LP000768,0.200094
LP000769,0.13163
LP000770,0.208508
LP000771,0.801781
LP000772,0.823292
LP000773,0.225102
LP000774,0.420463
LP000775,0.243423
LP000776,0.762161
LP000777,0.01999
LP000778,0.240776
LP000779,0.96498
LP000780,0.571606
LP000781,0.162187
LP000782,0.061407
LP000783,0.83041
LP000784,0.785854
LP000785,0.698678
LP000786,0.462751
LP000787,0.243925
LP000788,0.533137
LP000789,0.589017
LP000790,0.465185
LP000791,0.596275
LP000792,0.297645
LP000793,0.882034
LP000794,0.450408
LP000795,0.077129
LP000796,0.091636
LP000797,0.131393
LP000798,0.660995
LP000799,0.944223
LP000800,0.240706
LP000801,0.720956
LP000802,0.135302
LP000803,0.713646
LP000804,0.86795
LP000805,0.128594
LP000806,0.193479
LP000807,0.568744
LP000808,0.643973
LP000809,0.389684
LP000810,0.607915
LP000811,0.584135
LP000812,0.136118
LP000813,0.625948
LP000814,0.72334
LP000815,0.560699
LP000816,0.610641
LP000817,0.169829
LP000818,0.932303
LP000819,0.541061
LP000820,0.295864
LP000821,0.309878
LP000822,0.504349
LP000823,0.468009
LP000824,0.072042
LP000825,0.904137
LP000826,0.051474
LP000827,0.322739
LP000828,0.235928
LP000829,0.137315
LP000830,0.376011
LP000831,0.329389
LP000832,0.201713
LP000833,0.160917
LP000834,0.888146
LP000835,0.451194
LP000836,0.251461
LP000837,0.976821
LP000838,0.058967
LP000839,0.467716
LP000840,0.647261
LP000841,0.391734
LP000842,0.423513
LP000843,0.776331
LP000844,0.913089
LP000845,0.550805
LP000846,0.970336
LP000847,0.288966
LP000848,0.384308
LP000849,0.820772
LP000850,0.66605
LP000851,0.662203
LP000852,0.1192
LP000853,0.795161
LP000854,0.507523
LP000855,0.079769
LP000856,0.221536
LP000857,0.083611
LP000858,0.932837
LP000859,0.669608
LP000860,0.754378
LP000861,0.856607
LP000862,0.427533
LP000863,0.058143
LP000864,0.597172
LP000865,0.258644
LP000866,0.933449
LP000867,0.157312
LP000868,0.085811
LP000869,0.777173
LP000870,0.297738
LP000871,0.293337
LP000872,0.107286
LP000873,0.546274
LP000874,0.103077
LP000875,0.542189
LP000876,0.129696
LP000877,0.035971
LP000878,0.260837
LP000879,0.073496
LP000880,0.025433
LP000881,0.305795
LP000882,0.765846
LP000883,0.682426
LP000884,0.056285
LP000885,0.232114
LP000886,0.061446
LP000887,0.607414
LP000888,0.220464
LP000889,0.786942
LP000890,0.050202
LP000891,0.614636
LP000892,0.212074
LP000893,0.481684
LP000894,0.179564
LP000895,0.078104
LP000896,0.515606
LP000897,0.483495
LP000898,0.190983
LP000899,0.351868
LP000900,0.022176
LP000901,0.056343
LP000902,0.353809
LP000903,0.050114
LP000904,0.534514
LP000905,0.304798
LP000906,0.133848
LP000907,0.858355
LP000908,0.416238
LP000909,0.261923
LP000910,0.134138
LP000911,0.093499
LP000912,0.639388
LP000913,0.778787
LP000914,0.162067
LP000915,0.248617
LP000916,0.026765
LP000917,0.371203
LP000918,0.021105
LP000919,0.178999
LP000920,0.477874
LP000921,0.595051
LP000922,0.148363
LP000923,0.549646
LP000924,0.772676
LP000925,0.973915
LP000926,0.482769
LP000927,0.119452
LP000928,0.250542
LP000929,0.415484
LP000930,0.539938
LP000931,0.216586
LP000932,0.633656
LP000933,0.043598
LP000934,0.290578
LP000935,0.631271
LP000936,0.260278
LP000937,0.540459
LP000938,0.055543
LP000939,0.06628
LP000940,0.533862
LP000941,0.523874
LP000942,0.725739
LP000943,0.185286
LP000944,0.07741
LP000945,0.094735
LP000946,0.314123
LP000947,0.510381
LP000948,0.577344
LP000949,0.440691
LP000950,0.044545
LP000951,0.180351
LP000952,0.21255
LP000953,0.144274
LP000954,0.193873
LP000955,0.29237
LP000956,0.292588
LP000957,0.308629
LP000958,0.458151
LP000959,0.036817
LP000960,0.630954
LP000961,0.123815
LP000962,0.907591
LP000963,0.404983
LP000964,0.700793
LP000965,0.110489
LP000966,0.292503
LP000967,0.885779
LP000968,0.09464
LP000969,0.53303
LP000970,0.287001
LP000971,0.497915
LP000972,0.051307
LP000973,0.505672
LP000974,0.152644
LP000975,0.23117
LP000976,0.451969
LP000977,0.781859
LP000978,0.191523
LP000979,0.668768
LP000980,0.822434
LP000981,0.829392
LP000982,0.175382
LP000983,0.522249
LP000984,0.196499
LP000985,0.379994
LP000986,0.153737
LP000987,0.592599
LP000988,0.339146
LP000989,0.087566
LP000990,0.760412
LP000991,0.025015
LP000992,0.113969
LP000993,0.643125
LP000994,0.6765
LP000995,0.106536
LP000996,0.466225
LP000997,0.084512
LP000998,0.185998
LP000999,0.583494
LP001000,0.382546
LP001001,0.275878
LP001002,0.192591
LP001003,0.772524
LP001004,0.94114
LP001005,0.190239
LP001006,0.100758
LP001007,0.260222
LP001008,0.17731
LP001009,0.656284
LP001010,0.087616
LP001011,0.164644
LP001012,0.688649
LP001013,0.237714
LP001014,0.068368
LP001015,0.57411
LP001016,0.041138
LP001017,0.194591
LP001018,0.70565
LP001019,0.72171
LP001020,0.789035
LP001021,0.182966
LP001022,0.164034
LP001023,0.205994
LP001024,0.408976
LP001025,0.755566
LP001026,0.149173
LP001027,0.873316
LP001028,0.697745
LP001029,0.35154
LP001030,0.765338
LP001031,0.177961
LP001032,0.600096
LP001033,0.173386
LP001034,0.383693
LP001035,0.36372
LP001036,0.070443
LP001037,0.193029
LP001038,0.976487
LP001039,0.533183
LP001040,0.287272
LP001041,0.666415
LP001042,0.427598
LP001043,0.598754
LP001044,0.076256
LP001045,0.704634
LP001046,0.250758
LP001047,0.143527
LP001048,0.179508
LP001049,0.61244
LP001050,0.143006
LP001051,0.134615
LP001052,0.969107
LP001053,0.071666
LP001054,0.208964
LP001055,0.024437
LP001056,0.859586
LP001057,0.820186
LP001058,0.333208
LP001059,0.804941
LP001060,0.256191
LP001061,0.069529
LP001062,0.513535
LP001063,0.679485
LP001064,0.688662
LP001065,0.147612
LP001066,0.227911
LP001067,0.363293
LP001068,0.839772
LP001069,0.032162
LP001070,0.03729
LP001071,0.154619
LP001072,0.618499
LP001073,0.860931
LP001074,0.108209
LP001075,0.511095
LP001076,0.426338
LP001077,0.114456
LP001078,0.934514
LP001079,0.342998
LP001080,0.10037
LP001081,0.852071
LP001082,0.672985
LP001083,0.076071
LP001084,0.674702
LP001085,0.021038
LP001086,0.637878
LP001087,0.068743
LP001088,0.207651
LP001089,0.257779
LP001090,0.803046
LP001091,0.106438
LP001092,0.492159
LP001093,0.432208
LP001094,0.187451
LP001095,0.216148
LP001096,0.73706
LP001097,0.827528
LP001098,0.051086
LP001099,0.478598
LP001100,0.336474
LP001101,0.757041
LP001102,0.292034
LP001103,0.606621
LP001104,0.830379
LP001105,0.562149
LP001106,0.458385
LP001107,0.064883
LP001108,0.966068
LP001109,0.08932
LP001110,0.298199
LP001111,0.296728
LP001112,0.482464
LP001113,0.897615
LP001114,0.620582
LP001115,0.868057
LP001116,0.141422
LP001117,0.07272
LP001118,0.433979
LP001119,0.252192
LP001120,0.121606
LP001121,0.839982
LP001122,0.633386
LP001123,0.525144
LP001124,0.630933
LP001125,0.858946
LP001126,0.091492
LP001127,0.748293
LP001128,0.20326
LP001129,0.040255
LP001130,0.122502
LP001131,0.579348
LP001132,0.107256
LP001133,0.18798
LP001134,0.895856
LP001135,0.127535
LP001136,0.664121
LP001137,0.315245
LP001138,0.817373
LP001139,0.694972
LP001140,0.852109
LP001141,0.070245
LP001142,0.297851
LP001143,0.506476
LP001144,0.495743
LP001145,0.215887
LP001146,0.079447
LP001147,0.785136
LP001148,0.977299
LP001149,0.146256
LP001150,0.320197
LP001151,0.162094
LP001152,0.561277
LP001153,0.110746
LP001154,0.364223
LP001155,0.465301
LP001156,0.493004
LP001157,0.037928
LP001158,0.051781
LP001159,0.134689
LP001160,0.67623
LP001161,0.215498
LP001162,0.629138
LP001163,0.802969
LP001164,0.047944
LP001165,0.359412
LP001166,0.750003
LP001167,0.090017
LP001168,0.478708
LP001169,0.433615
LP001170,0.987419
LP001171,0.118264
LP001172,0.303889
LP001173,0.374767
LP001174,0.222431
LP001175,0.880276
LP001176,0.054638
LP001177,0.133153
LP001178,0.05408
LP001179,0.246275
LP001180,0.200786
LP001181,0.565845
LP001182,0.117515
LP001183,0.025014
LP001184,0.544559
LP001185,0.163656
LP001186,0.326417
LP001187,0.235768
LP001188,0.259216
LP001189,0.524368
LP001190,0.958877
LP001191,0.044423
LP001192,0.832146
LP001193,0.385242
LP001194,0.152905
LP001195,0.706369
LP001196,0.629801
LP001197,0.114271
LP001198,0.461433
LP001199,0.843026
LP001200,0.904829
LP001201,0.14443
LP001202,0.383943
LP001203,0.513985
LP001204,0.025552
LP001205,0.042315
LP001206,0.116248
LP001207,0.303901
LP001208,0.603409
LP001209,0.278578
LP001210,0.131494
LP001211,0.171165
LP001212,0.81428
LP001213,0.320929
LP001214,0.063364
LP001215,0.68342
LP001216,0.118203
LP001217,0.270501
LP001218,0.341663
LP001219,0.745391
LP001220,0.125176
LP001221,0.559869
LP001222,0.669817
LP001223,0.073135
LP001224,0.18694
LP001225,0.161227
LP001226,0.179844
LP001227,0.210576
LP001228,0.162634
LP001229,0.903624
LP001230,0.354953
LP001231,0.221263
LP001232,0.670307
LP001233,0.370204
LP001234,0.026624
LP001235,0.500654
LP001236,0.746262
LP001237,0.857014
LP001238,0.440579
LP001239,0.556476
LP001240,0.965538
LP001241,0.75996
LP001242,0.369407
LP001243,0.028201
LP001244,0.301964
LP001245,0.043375
LP001246,0.36245
LP001247,0.293713
LP001248,0.297223
LP001249,0.041822
LP001250,0.935051
LP001251,0.260006
LP001252,0.702619
LP001253,0.709268
LP001254,0.389873
LP001255,0.383585
LP001256,0.358278
LP001257,0.022027
LP001258,0.140813
LP001259,0.950464
LP001260,0.389377
LP001261,0.505215
LP001262,0.131734
LP001263,0.114257
LP001264,0.370461
LP001265,0.630662
LP001266,0.083012
LP001267,0.451001
LP001268,0.258793
LP001269,0.046719
LP001270,0.934463
LP001271,0.055823
LP001272,0.425039
LP001273,0.835957
LP001274,0.874954
LP001275,0.763357
LP001276,0.80445
LP001277,0.607202
LP001278,0.061824
LP001279,0.868243
LP001280,0.302665
LP001281,0.134139
LP001282,0.059677
LP001283,0.056576
LP001284,0.671206
LP001285,0.163208
LP001286,0.124684
LP001287,0.218904
LP001288,0.404527
LP001289,0.94448
LP001290,0.166387
LP001291,0.186727
LP001292,0.066004
LP001293,0.273981
LP001294,0.537082
LP001295,0.716553
LP001296,0.348867
LP001297,0.447264
LP001298,0.200081
LP001299,0.343773
LP001300,0.782951
LP001301,0.377227
LP001302,0.081932
LP001303,0.877988
LP001304,0.891261
LP001305,0.211567
LP001306,0.448051
LP001307,0.598423
LP001308,0.668449
LP001309,0.48331
LP001310,0.233201
LP001311,0.371358
LP001312,0.352566
LP001313,0.38857
LP001314,0.158737
LP001315,0.717657
LP001316,0.212699
LP001317,0.060331
LP001318,0.12726
LP001319,0.197079
LP001320,0.700238
LP001321,0.903036
LP001322,0.04733
LP001323,0.630759
LP001324,0.625851
LP001325,0.859576
LP001326,0.466729
LP001327,0.088173
LP001328,0.859526
LP001329,0.758604
LP001330,0.07306
LP001331,0.131744
LP001332,0.060332
LP001333,0.148953
LP001334,0.787791
LP001335,0.561
LP001336,0.205087
LP001337,0.896794
LP001338,0.682663
LP001339,0.226573
LP001340,0.777413
LP001341,0.319768
LP001342,0.169823
LP001343,0.145687
LP001344,0.185899
LP001345,0.141305
LP001346,0.08348
LP001347,0.828619
LP001348,0.336242
LP001349,0.909002
LP001350,0.606637
LP001351,0.549245
LP001352,0.090518
LP001353,0.790113
LP001354,0.644225
LP001355,0.344176
LP001356,0.167792
LP001357,0.168019
LP001358,0.506995
LP001359,0.853058
LP001360,0.14508
LP001361,0.600592
LP001362,0.84319
LP001363,0.116043
LP001364,0.734558
LP001365,0.835969
LP001366,0.48667
LP001367,0.634271
LP001368,0.572106
LP001369,0.453177
LP001370,0.167474
LP001371,0.630025
LP001372,0.72158
LP001373,0.940764
LP001374,0.101288
LP001375,0.25006
LP001376,0.604873
LP001377,0.701194
LP001378,0.269337
LP001379,0.225786
LP001380,0.958109
LP001381,0.434906
LP001382,0.240161
LP001383,0.673946
LP001384,0.950297
LP001385,0.17814
LP001386,0.481927
LP001387,0.586789
LP001388,0.354415
LP001389,0.215056
LP001390,0.893038
LP001391,0.05661
LP001392,0.240523
LP001393,0.741651
LP001394,0.872219
LP001395,0.428485
LP001396,0.095253
LP001397,0.097094
LP001398,0.522914
LP001399,0.740815
LP001400,0.448134
LP001401,0.724959
LP001402,0.321988
LP001403,0.081045
LP001404,0.57478
LP001405,0.208411
LP001406,0.561199
LP001407,0.718194
LP001408,0.41849
LP001409,0.109094
LP001410,0.679412
LP001411,0.068302
LP001412,0.596598
LP001413,0.070847
LP001414,0.92346
LP001415,0.326921
LP001416,0.98854
LP001417,0.365936
LP001418,0.180176
LP001419,0.755246
LP001420,0.343675
LP001421,0.821389
LP001422,0.028949
LP001423,0.258409
LP001424,0.141123
LP001425,0.660968
LP001426,0.121725
LP001427,0.092495
LP001428,0.426686
LP001429,0.177121
LP001430,0.732666
LP001431,0.692453
LP001432,0.887084
LP001433,0.201239
LP001434,0.346787
LP001435,0.444066
LP001436,0.844356
LP001437,0.100772
LP001438,0.899271
LP001439,0.646801
LP001440,0.094153
LP001441,0.422228
LP001442,0.273807
LP001443,0.181487
LP001444,0.74657
LP001445,0.735647
LP001446,0.980955
LP001447,0.849929
LP001448,0.111217
LP001449,0.034453
LP001450,0.157311
LP001451,0.285248
LP001452,0.377318
LP001453,0.085075
LP001454,0.023339
LP001455,0.768718
LP001456,0.177251
LP001457,0.285671
LP001458,0.364182
LP001459,0.331729
LP001460,0.467556
LP001461,0.107457
LP001462,0.618501
LP001463,0.028365
LP001464,0.051092
LP001465,0.2606
LP001466,0.240795
LP001467,0.346665
LP001468,0.889224
LP001469,0.504513
LP001470,0.383532
LP001471,0.068518
LP001472,0.046062
LP001473,0.02309
LP001474,0.188492
LP001475,0.462311
LP001476,0.331675
LP001477,0.134489
LP001478,0.736875
LP001479,0.124135
LP001480,0.312343
LP001481,0.183456
LP001482,0.247431
LP001483,0.058961
LP001484,0.703821
LP001485,0.599084
LP001486,0.46819
LP001487,0.072057
LP001488,0.759331
LP001489,0.250699
LP001490,0.521188
LP001491,0.595504
LP001492,0.590574
LP001493,0.278444
LP001494,0.294807
LP001495,0.416326
LP001496,0.838503
LP001497,0.789036
LP001498,0.697645
LP001499,0.278173
LP001500,0.106319
LP001501,0.248683
LP001502,0.26305
LP001503,0.686293
LP001504,0.059059
LP001505,0.145994
LP001506,0.216591
LP001507,0.366774
LP001508,0.033418
LP001509,0.521095
LP001510,0.094902
LP001511,0.344759
LP001512,0.083295
LP001513,0.176582
LP001514,0.550415
LP001515,0.645223
LP001516,0.724217
LP001517,0.244087
LP001518,0.307259
LP001519,0.772802
LP001520,0.214746
LP001521,0.274766
LP001522,0.38317
LP001523,0.690104
LP001524,0.334451
LP001525,0.092231
LP001526,0.546531
LP001527,0.128101
LP001528,0.331205
LP001529,0.450509
LP001530,0.945929
LP001531,0.066683
LP001532,0.061967
LP001533,0.304458
LP001534,0.103544
LP001535,0.630713
LP001536,0.079107
LP001537,0.024372
LP001538,0.240601
LP001539,0.801978
LP001540,0.305421
LP001541,0.413983
LP001542,0.542721
LP001543,0.123027
LP001544,0.193387
LP001545,0.645998
LP001546,0.12946
LP001547,0.656286
LP001548,0.17355
LP001549,0.533156
LP001550,0.426711
LP001551,0.628522
LP001552,0.361392
LP001553,0.192306
LP001554,0.130667
LP001555,0.716561
LP001556,0.126748
LP001557,0.622844
LP001558,0.715046
LP001559,0.971858
LP001560,0.436809
LP001561,0.651435
LP001562,0.443844
LP001563,0.052125
LP001564,0.160536
LP001565,0.162799
LP001566,0.889296
LP001567,0.023371
LP001568,0.27003
LP001569,0.69411
LP001570,0.26309
LP001571,0.385582
LP001572,0.682495
LP001573,0.030534
LP001574,0.63808
LP001575,0.336776
LP001576,0.140552
LP001577,0.145532
LP001578,0.153162
LP001579,0.193036
LP001580,0.839573
LP001581,0.424431
LP001582,0.375706
LP001583,0.337578
LP001584,0.102221
LP001585,0.841362
LP001586,0.688199
LP001587,0.278877
LP001588,0.094491
LP001589,0.341192
LP001590,0.190541
LP001591,0.12512
LP001592,0.500624
LP001593,0.544814
LP001594,0.914048
LP001595,0.111658
LP001596,0.106338
LP001597,0.060532
LP001598,0.540081
LP001599,0.630963
LP001600,0.638697
LP001601,0.575529
LP001602,0.161457
LP001603,0.293344
LP001604,0.630329
LP001605,0.181405
LP001606,0.321439
LP001607,0.15896
LP001608,0.723854
LP001609,0.303973
LP001610,0.486354
LP001611,0.151407
LP001612,0.417288
LP001613,0.130581
LP001614,0.233706
LP001615,0.239587
LP001616,0.105631
LP001617,0.070946
LP001618,0.829081
LP001619,0.044636
LP001620,0.380883
LP001621,0.580687
LP001622,0.962241
LP001623,0.247285
LP001624,0.145662
LP001625,0.684517
LP001626,0.640258
LP001627,0.915376
LP001628,0.273195
LP001629,0.322814
LP001630,0.038964
LP001631,0.244763
LP001632,0.391242
LP001633,0.418587
LP001634,0.143572
LP001635,0.701521
LP001636,0.028246
LP001637,0.976562
LP001638,0.74007
LP001639,0.113646
LP001640,0.296207
LP001641,0.946212
LP001642,0.189386
LP001643,0.052066
LP001644,0.637489
LP001645,0.673576
LP001646,0.115206
LP001647,0.339469
LP001648,0.946531
LP001649,0.657309
LP001650,0.939784
LP001651,0.38725
LP001652,0.275001
LP001653,0.597974
LP001654,0.319063
LP001655,0.607183
LP001656,0.413715
LP001657,0.570328
LP001658,0.041191
LP001659,0.042134
LP001660,0.080943
LP001661,0.152126
LP001662,0.425718
LP001663,0.343399
LP001664,0.072926
LP001665,0.136644
LP001666,0.366101
LP001667,0.864355
LP001668,0.767461
LP001669,0.568417
LP001670,0.511357
LP001671,0.345885
LP001672,0.362759
LP001673,0.02931
LP001674,0.01849
LP001675,0.44801
LP001676,0.289175
LP001677,0.051406
LP001678,0.046163
LP001679,0.331798
LP001680,0.092544
LP001681,0.584458
LP001682,0.811472
LP001683,0.696187
LP001684,0.213887
LP001685,0.264036
LP001686,0.844902
LP001687,0.051712
LP001688,0.010453
LP001689,0.051244
LP001690,0.406025
LP001691,0.754282
LP001692,0.42898
LP001693,0.191291
LP001694,0.746589
LP001695,0.110805
LP001696,0.241332
LP001697,0.073232
LP001698,0.279537
LP001699,0.344881
LP001700,0.424708
LP001701,0.066226
LP001702,0.404784
LP001703,0.58216
LP001704,0.984405
LP001705,0.07329
LP001706,0.040426
LP001707,0.040866
LP001708,0.075549
LP001709,0.093776
LP001710,0.377106
LP001711,0.264739
LP001712,0.698091
LP001713,0.240854
LP001714,0.068175
LP001715,0.151859
LP001716,0.790169
LP001717,0.223412
LP001718,0.667103
LP001719,0.053232
LP001720,0.977459
LP001721,0.586546
LP001722,0.103402
LP001723,0.383251
LP001724,0.044757
LP001725,0.682103
LP001726,0.449345
LP001727,0.267877
LP001728,0.476166
LP001729,0.136273
LP001730,0.390307
LP001731,0.784258
LP001732,0.117429
LP001733,0.108785
LP001734,0.069873
LP001735,0.769772
LP001736,0.125711
LP001737,0.754108
LP001738,0.528898
LP001739,0.253759
LP001740,0.58072
LP001741,0.800184
LP001742,0.546853
LP001743,0.203472
LP001744,0.202641
LP001745,0.139353
LP001746,0.076437
LP001747,0.338692
LP001748,0.79953
LP001749,0.284775
LP001750,0.524824
LP001751,0.15961
LP001752,0.389187
LP001753,0.483541
LP001754,0.571116
LP001755,0.689345
LP001756,0.517483
LP001757,0.248449
LP001758,0.274973
LP001759,0.867462
LP001760,0.680677
LP001761,0.429757
LP001762,0.63532
LP001763,0.190937
LP001764,0.276287
LP001765,0.346613
LP001766,0.946701
LP001767,0.152128
LP001768,0.541638
LP001769,0.034391
LP001770,0.814713
LP001771,0.784787
LP001772,0.132154
LP001773,0.20661
LP001774,0.713394
LP001775,0.799378
LP001776,0.656202
LP001777,0.532263
LP001778,0.495345
LP001779,0.054757
LP001780,0.066942
LP001781,0.034708
LP001782,0.737432
LP001783,0.84599
LP001784,0.138249
LP001785,0.46281
LP001786,0.375821
LP001787,0.112528
LP001788,0.692511
LP001789,0.633268
LP001790,0.754582
LP001791,0.046425
LP001792,0.936115
LP001793,0.645577
LP001794,0.167119
LP001795,0.619087
LP001796,0.666002
LP001797,0.778917
LP001798,0.080735
LP001799,0.964503
LP001800,0.04443
LP001801,0.805292
LP001802,0.31071
LP001803,0.612307
LP001804,0.339972
LP001805,0.097726
LP001806,0.78452
LP001807,0.347436
LP001808,0.208147
LP001809,0.524253
LP001810,0.874403
LP001811,0.570941
LP001812,0.446929
LP001813,0.088721
LP001814,0.077897
LP001815,0.675907
LP001816,0.081703
LP001817,0.484654
LP001818,0.450765
LP001819,0.280917
LP001820,0.030435
LP001821,0.781713
LP001822,0.655527
LP001823,0.145135
LP001824,0.14663
LP001825,0.05163
LP001826,0.245392
LP001827,0.287756
LP001828,0.891232
LP001829,0.841545
LP001830,0.091111
LP001831,0.60584
LP001832,0.463102
LP001833,0.650324
LP001834,0.109644
LP001835,0.050049
LP001836,0.962534
LP001837,0.225576
LP001838,0.211198
LP001839,0.639772
LP001840,0.214727
LP001841,0.103501
LP001842,0.242765
LP001843,0.205784
LP001844,0.176634
LP001845,0.214564
LP001846,0.854678
LP001847,0.073445
LP001848,0.285938
LP001849,0.060709
LP001850,0.352432
LP001851,0.917547
LP001852,0.038438
LP001853,0.120365
LP001854,0.773902
LP001855,0.896571
LP001856,0.630601
LP001857,0.611124
LP001858,0.438671
LP001859,0.140682
LP001860,0.767891
LP001861,0.12768
LP001862,0.695832
LP001863,0.834181
LP001864,0.062754
LP001865,0.084937
LP001866,0.228845
LP001867,0.183941
LP001868,0.910224
LP001869,0.096027
LP001870,0.984858
LP001871,0.39531
LP001872,0.831563
LP001873,0.103271
LP001874,0.235982
LP001875,0.051001
LP001876,0.509061
LP001877,0.501151
LP001878,0.795301
LP001879,0.559999
LP001880,0.062359
LP001881,0.382447
LP001882,0.151735
LP001883,0.181134
LP001884,0.68401
LP001885,0.750056
LP001886,0.718769
LP001887,0.259589
LP001888,0.469702
LP001889,0.167252
LP001890,0.182874
LP001891,0.228062
LP001892,0.720885
LP001893,0.635297
LP001894,0.769544
LP001895,0.702592
LP001896,0.696111
LP001897,0.8648
LP001898,0.736434
LP001899,0.84287
LP001900,0.379483
LP001901,0.400508
LP001902,0.95614
LP001903,0.02078
LP001904,0.063407
LP001905,0.049545
LP001906,0.144019
LP001907,0.375954
LP001908,0.73512
LP001909,0.089196
LP001910,0.24739
LP001911,0.018488
LP001912,0.104523
LP001913,0.52999
LP001914,0.04425
LP001915,0.084978
LP001916,0.379396
LP001917,0.402227
LP001918,0.329102
LP001919,0.705843
LP001920,0.525475
LP001921,0.615431
LP001922,0.206279
LP001923,0.25146
LP001924,0.439105
LP001925,0.241312
LP001926,0.246805
LP001927,0.516873
LP001928,0.865006
LP001929,0.700226
LP001930,0.055895
LP001931,0.144596
LP001932,0.972949
LP001933,0.57256
LP001934,0.157672
LP001935,0.497114
LP001936,0.185987
LP001937,0.460797
LP001938,0.39591
LP001939,0.189645
LP001940,0.274751
LP001941,0.041023
LP001942,0.470003
LP001943,0.094201
LP001944,0.436338
LP001945,0.853568
LP001946,0.117966
LP001947,0.380239
LP001948,0.565038
LP001949,0.132411
LP001950,0.750893
LP001951,0.137461
LP001952,0.171643
LP001953,0.083065
LP001954,0.608282
LP001955,0.52011
LP001956,0.045657
LP001957,0.548672
LP001958,0.468441
LP001959,0.059334
LP001960,0.131846
LP001961,0.207756
LP001962,0.140854
LP001963,0.062021
LP001964,0.172274
LP001965,0.450969
LP001966,0.499434
LP001967,0.856507
LP001968,0.3656
LP001969,0.058341
LP001970,0.251914
LP001971,0.27215
LP001972,0.406291
LP001973,0.379134
LP001974,0.251365
LP001975,0.667901
LP001976,0.266463
LP001977,0.179983
LP001978,0.527138
LP001979,0.412376
LP001980,0.539675
LP001981,0.666549
LP001982,0.719327
LP001983,0.87755
LP001984,0.028225
LP001985,0.196309
LP001986,0.292311
LP001987,0.83032
LP001988,0.766069
LP001989,0.780622
LP001990,0.53706
LP001991,0.272148
LP001992,0.150531
LP001993,0.309382
LP001994,0.90335
LP001995,0.526527
LP001996,0.703249
LP001997,0.54643
LP001998,0.915686
LP001999,0.352728
LP002000,0.115783
LP002001,0.035428
LP002002,0.260031
LP002003,0.184114
LP002004,0.039026
LP002005,0.264475
LP002006,0.313408
LP002007,0.064888
LP002008,0.126032
LP002009,0.73019
LP002010,0.861545
LP002011,0.105828
LP002012,0.271619
LP002013,0.04445
LP002014,0.510465
LP002015,0.077102
LP002016,0.576024
LP002017,0.097253
LP002018,0.323953
LP002019,0.215528
LP002020,0.475368
LP002021,0.859792
LP002022,0.138614
LP002023,0.345491
LP002024,0.654051
LP002025,0.71865
LP002026,0.138507
LP002027,0.079072
LP002028,0.111243
LP002029,0.888723
LP002030,0.117824
LP002031,0.752161
LP002032,0.410047
LP002033,0.782843
LP002034,0.819027
LP002035,0.167776
LP002036,0.494511
LP002037,0.928632
LP002038,0.34851
LP002039,0.812312
LP002040,0.049142
LP002041,0.772412
LP002042,0.09282
LP002043,0.498678
LP002044,0.396269
LP002045,0.973879
LP002046,0.276499
LP002047,0.069419
LP002048,0.105243
LP002049,0.079701
LP002050,0.581593
LP002051,0.04828
LP002052,0.040876
LP002053,0.060429
LP002054,0.932199
LP002055,0.309867
LP002056,0.727453
LP002057,0.36447
LP002058,0.163192
LP002059,0.315935
LP002060,0.634061
LP002061,0.3445
LP002062,0.343379
LP002063,0.897217
LP002064,0.110408
LP002065,0.766434
LP002066,0.452269
LP002067,0.828058
LP002068,0.83476
LP002069,0.155953
LP002070,0.15263
LP002071,0.088173
LP002072,0.408172
LP002073,0.948315
LP002074,0.263721
LP002075,0.317095
LP002076,0.449286
LP002077,0.370898
LP002078,0.24025
LP002079,0.053532
LP002080,0.303388
LP002081,0.62185
LP002082,0.935774
LP002083,0.102031
LP002084,0.707563
LP002085,0.661457
LP002086,0.400964
LP002087,0.529121
LP002088,0.182427
LP002089,0.21355
LP002090,0.299367
LP002091,0.982661
LP002092,0.975832
LP002093,0.24055
LP002094,0.04595
LP002095,0.048819
LP002096,0.142525
LP002097,0.399407
LP002098,0.803366
LP002099,0.62123
LP002100,0.321921
LP002101,0.449084
LP002102,0.089893
LP002103,0.925362
LP002104,0.481902
LP002105,0.029714
LP002106,0.062164
LP002107,0.672464
LP002108,0.969105
LP002109,0.671283
LP002110,0.103764
LP002111,0.250386
LP002112,0.146239
LP002113,0.206843
LP002114,0.261505
LP002115,0.495956
LP002116,0.085163
LP002117,0.050237
LP002118,0.80601
LP002119,0.089562
LP002120,0.871353
LP002121,0.326008
LP002122,0.075373
LP002123,0.107494
LP002124,0.369564
LP002125,0.105657
LP002126,0.522601
LP002127,0.048172
LP002128,0.077632
LP002129,0.909268
LP002130,0.362077
LP002131,0.030469
LP002132,0.71548
LP002133,0.675286
LP002134,0.03609
LP002135,0.531022
LP002136,0.614057
LP002137,0.639866
LP002138,0.163032
LP002139,0.299035
LP002140,0.314517
LP002141,0.209861
LP002142,0.256234
LP002143,0.733785
LP002144,0.622904
LP002145,0.693824
LP002146,0.180665
LP002147,0.299461
LP002148,0.418219
LP002149,0.374998
LP002150,0.58955
LP002151,0.022875
LP002152,0.195182
LP002153,0.130231
LP002154,0.175603
LP002155,0.104305
LP002156,0.522004
LP002157,0.684706
LP002158,0.129895
LP002159,0.763303
LP002160,0.607883
LP002161,0.041597
LP002162,0.393812
LP002163,0.440102
LP002164,0.420792
LP002165,0.861293
LP002166,0.918296
LP002167,0.223798
LP002168,0.117044
LP002169,0.894212
LP002170,0.674016
LP002171,0.805951
LP002172,0.401552
LP002173,0.115546
LP002174,0.031483
LP002175,0.077911
LP002176,0.588592
LP002177,0.077588
LP002178,0.134199
LP002179,0.052402
LP002180,0.547392
LP002181,0.038831
LP002182,0.690865
LP002183,0.643766
LP002184,0.408104
LP002185,0.45361
LP002186,0.484607
LP002187,0.412943
LP002188,0.538484
LP002189,0.292945
LP002190,0.949053
LP002191,0.044209
LP002192,0.903738
LP002193,0.80027
LP002194,0.218662
LP002195,0.477961
LP002196,0.609253
LP002197,0.370245
LP002198,0.202673
LP002199,0.080255
LP002200,0.276829
LP002201,0.266622
LP002202,0.183903
LP002203,0.891397
LP002204,0.17973
LP002205,0.386201
LP002206,0.254814
LP002207,0.076447
LP002208,0.031
LP002209,0.09255
LP002210,0.19008
LP002211,0.813234
LP002212,0.643794
LP002213,0.076499
LP002214,0.03681
LP002215,0.412777
LP002216,0.158458
LP002217,0.07473
LP002218,0.27806
LP002219,0.392595
LP002220,0.18666
LP002221,0.181232
LP002222,0.096919
LP002223,0.165613
LP002224,0.140048
LP002225,0.930374
LP002226,0.252337
LP002227,0.611463
LP002228,0.030192
LP002229,0.043496
LP002230,0.313618
LP002231,0.553389
LP002232,0.082349
LP002233,0.554218
LP002234,0.680146
LP002235,0.107182
LP002236,0.340605
LP002237,0.784693
LP002238,0.533037
LP002239,0.471627
LP002240,0.583748
LP002241,0.68074
LP002242,0.524804
LP002243,0.737208
LP002244,0.847421
LP002245,0.312326
LP002246,0.431031
LP002247,0.28335
LP002248,0.504293
LP002249,0.183993
LP002250,0.052863
LP002251,0.725602
LP002252,0.08529
LP002253,0.146177
LP002254,0.8243
LP002255,0.033767
LP002256,0.155987
LP002257,0.514571
LP002258,0.623823
LP002259,0.490981
LP002260,0.228992
LP002261,0.431007
LP002262,0.33641
LP002263,0.488191
LP002264,0.155477
LP002265,0.021426
LP002266,0.416781
LP002267,0.234734
LP002268,0.681732
LP002269,0.152173
LP002270,0.188568
LP002271,0.505957
LP002272,0.413508
LP002273,0.090646
LP002274,0.251057
LP002275,0.586008
LP002276,0.3064
LP002277,0.462784
LP002278,0.111621
LP002279,0.778658
LP002280,0.178781
LP002281,0.339233
LP002282,0.300979
LP002283,0.790697
LP002284,0.035414
LP002285,0.070711
LP002286,0.250477
LP002287,0.568482
LP002288,0.14893
LP002289,0.036612
LP002290,0.675651
LP002291,0.193027
LP002292,0.149188
LP002293,0.28927
LP002294,0.179474
LP002295,0.091076
LP002296,0.364584
LP002297,0.173605
LP002298,0.637036
LP002299,0.58938
LP002300,0.727144
LP002301,0.275367
LP002302,0.422587
LP002303,0.94767
LP002304,0.1104
LP002305,0.084657
LP002306,0.413872
LP002307,0.667857
LP002308,0.719171
LP002309,0.713034
LP002310,0.221849
LP002311,0.562726
LP002312,0.399201
LP002313,0.078528
LP002314,0.050248
LP002315,0.282933
LP002316,0.225331
LP002317,0.329022
LP002318,0.108884
LP002319,0.386682
LP002320,0.121831
LP002321,0.100765
LP002322,0.359971
LP002323,0.093665
LP002324,0.051295
LP002325,0.398453
LP002326,0.504295
LP002327,0.40956
LP002328,0.165236
LP002329,0.417475
LP002330,0.483456
LP002331,0.813041
LP002332,0.686722
LP002333,0.254574
LP002334,0.664511
LP002335,0.106601
LP002336,0.951366
LP002337,0.624145
LP002338,0.207009
LP002339,0.199263
LP002340,0.124303
LP002341,0.515756
LP002342,0.505169
LP002343,0.041791
LP002344,0.329207
LP002345,0.791119
LP002346,0.525004
LP002347,0.106729
LP002348,0.246068
LP002349,0.279026
LP002350,0.94033
LP002351,0.504064
LP002352,0.834172
LP002353,0.42447
LP002354,0.396805
LP002355,0.517582
LP002356,0.392409
LP002357,0.715956
LP002358,0.664277
LP002359,0.519824
LP002360,0.140326
LP002361,0.024056
LP002362,0.522293
LP002363,0.433677
LP002364,0.691226
LP002365,0.049957
LP002366,0.614895
LP002367,0.476839
LP002368,0.059648
LP002369,0.037453
LP002370,0.691847
LP002371,0.484194
LP002372,0.112075
LP002373,0.728352
LP002374,0.343012
LP002375,0.203363
LP002376,0.267143
LP002377,0.061688
LP002378,0.917236
LP002379,0.820105
LP002380,0.39817
LP002381,0.584951
LP002382,0.731335
LP002383,0.115359
LP002384,0.481882
LP002385,0.802961
LP002386,0.307121
LP002387,0.186052
LP002388,0.49242
LP002389,0.767609
LP002390,0.071492
LP002391,0.407103
LP002392,0.233218
LP002393,0.124588
LP002394,0.100417
LP002395,0.356329
LP002396,0.401674
LP002397,0.636746
LP002398,0.555238
LP002399,0.593256
LP002400,0.576285
LP002401,0.907517
LP002402,0.249391
LP002403,0.047244
LP002404,0.474116
LP002405,0.04226
LP002406,0.084903
LP002407,0.802509
LP002408,0.520516
LP002409,0.699839
LP002410,0.51602
LP002411,0.261742
LP002412,0.129648
LP002413,0.115489
LP002414,0.438667
LP002415,0.12587
LP002416,0.06315
LP002417,0.313664
LP002418,0.066947
LP002419,0.653347
LP002420,0.706667
LP002421,0.637213
LP002422,0.182058
LP002423,0.158831
LP002424,0.501328
LP002425,0.036188
LP002426,0.347951
LP002427,0.838378
LP002428,0.021774
LP002429,0.345933
LP002430,0.634035
LP002431,0.060216
LP002432,0.081333
LP002433,0.573677
LP002434,0.161132
LP002435,0.231748
LP002436,0.041744
LP002437,0.774131
LP002438,0.500027
LP002439,0.679583
LP002440,0.390886
LP002441,0.468936
LP002442,0.158066
LP002443,0.409994
LP002444,0.169581
LP002445,0.09768
LP002446,0.266975
LP002447,0.621769
LP002448,0.768953
LP002449,0.308512
LP002450,0.267367
LP002451,0.086134
LP002452,0.694167
LP002453,0.229813
LP002454,0.995046
LP002455,0.13653
LP002456,0.024631
LP002457,0.624512
LP002458,0.142491
LP002459,0.852039
LP002460,0.249569
LP002461,0.866817
LP002462,0.537913
LP002463,0.090767
LP002464,0.701555
LP002465,0.123415
LP002466,0.461808
LP002467,0.644484
LP002468,0.165248
LP002469,0.758023
LP002470,0.458311
LP002471,0.592928
LP002472,0.749761
LP002473,0.237832
LP002474,0.385415
LP002475,0.174554
LP002476,0.951042
LP002477,0.052943
LP002478,0.974369
LP002479,0.737133
LP002480,0.453675
LP002481,0.663205
LP002482,0.060885
LP002483,0.145768
LP002484,0.079672
LP002485,0.51549
LP002486,0.061953
LP002487,0.661645
LP002488,0.122366
LP002489,0.328335
LP002490,0.622973
LP002491,0.241415
LP002492,0.530078
LP002493,0.123139
LP002494,0.678115
LP002495,0.503641
LP002496,0.817329
LP002497,0.368746
LP002498,0.221246
LP002499,0.617462
LP002500,0.233125
LP002501,0.282136
LP002502,0.103848
LP002503,0.145555
LP002504,0.108157
LP002505,0.037447
LP002506,0.228282
LP002507,0.34438
LP002508,0.316895
LP002509,0.562705
LP002510,0.562447
LP002511,0.723498
LP002512,0.529629
LP002513,0.156266
LP002514,0.898675
LP002515,0.124021
LP002516,0.447971
LP002517,0.121011
LP002518,0.194727
LP002519,0.124502
LP002520,0.623209
LP002521,0.881437
LP002522,0.085101
LP002523,0.512075
LP002524,0.727145
LP002525,0.189588
LP002526,0.452197
LP002527,0.104141
LP002528,0.282117
LP002529,0.871388
LP002530,0.087139
LP002531,0.273129
LP002532,0.184016
LP002533,0.648447
LP002534,0.770908
LP002535,0.539162
LP002536,0.161159
LP002537,0.476832
LP002538,0.101959
LP002539,0.168346
LP002540,0.077553
LP002541,0.153336
LP002542,0.454686
LP002543,0.042822
LP002544,0.199619
LP002545,0.711346
LP002546,0.234124
LP002547,0.141122
LP002548,0.845461
LP002549,0.967701
LP002550,0.363697
LP002551,0.068581
LP002552,0.724753
LP002553,0.444327
LP002554,0.299757
LP002555,0.466257
LP002556,0.757292
LP002557,0.030703
LP002558,0.253764
LP002559,0.035147
LP002560,0.532154
LP002561,0.804586
LP002562,0.256341
LP002563,0.574825
LP002564,0.119105
LP002565,0.056472
LP002566,0.07916
LP002567,0.809942
LP002568,0.203853
LP002569,0.0618
LP002570,0.504723
LP002571,0.131477
LP002572,0.087586
LP002573,0.088934
LP002574,0.878312
LP002575,0.500281
LP002576,0.791899
LP002577,0.88514
LP002578,0.142998
LP002579,0.024699
LP002580,0.163534
LP002581,0.061044
LP002582,0.035904
LP002583,0.054313
LP002584,0.411953
LP002585,0.096066
LP002586,0.675669
LP002587,0.910725
LP002588,0.468541
LP002589,0.903491
LP002590,0.584705
LP002591,0.234575
LP002592,0.28811
LP002593,0.130528
LP002594,0.313562
LP002595,0.156143
LP002596,0.403402
LP002597,0.120176
LP002598,0.436482
LP002599,0.538805
LP002600,0.242282
LP002601,0.314185
LP002602,0.064507
LP002603,0.650749
LP002604,0.328683
LP002605,0.280263
LP002606,0.251575
LP002607,0.663993
LP002608,0.627724
LP002609,0.801423
LP002610,0.72842
LP002611,0.267971
LP002612,0.727522
LP002613,0.183357
LP002614,0.453565
LP002615,0.139724
LP002616,0.061063
LP002617,0.707643
LP002618,0.150101
LP002619,0.121589
LP002620,0.075664
LP002621,0.146368
LP002622,0.023744
LP002623,0.486182
LP002624,0.073954
LP002625,0.154425
LP002626,0.951678
LP002627,0.836815
LP002628,0.095608
LP002629,0.137552
LP002630,0.382338
LP002631,0.101336
LP002632,0.107588
LP002633,0.185078
LP002634,0.654893
LP002635,0.114137
LP002636,0.010072
LP002637,0.862158
LP002638,0.274871
LP002639,0.821915
LP002640,0.887432
LP002641,0.201483
LP002642,0.388821
LP002643,0.898179
LP002644,0.221529
LP002645,0.309582
LP002646,0.098744
LP002647,0.127667
LP002648,0.100877
LP002649,0.857052
LP002650,0.301785
LP002651,0.298113
LP002652,0.116392
LP002653,0.240538
LP002654,0.053986
LP002655,0.722716
LP002656,0.572365
LP002657,0.699839
LP002658,0.054254
LP002659,0.657214
LP002660,0.050226
LP002661,0.853811
LP002662,0.119654
LP002663,0.924963
LP002664,0.364982
LP002665,0.820717
LP002666,0.251626
LP002667,0.394526
LP002668,0.45517
LP002669,0.736458
LP002670,0.443209
LP002671,0.074194
LP002672,0.802433
LP002673,0.110692
LP002674,0.161354
LP002675,0.124901
LP002676,0.632084
LP002677,0.093178
LP002678,0.079579
LP002679,0.596362
LP002680,0.407872
LP002681,0.105495
LP002682,0.798502
LP002683,0.329341
LP002684,0.38657
LP002685,0.597363
LP002686,0.365306
LP002687,0.93419
LP002688,0.896388
LP002689,0.737482
LP002690,0.180984
LP002691,0.827038
LP002692,0.258458
LP002693,0.412331
LP002694,0.835777
LP002695,0.840902
LP002696,0.746718
LP002697,0.668177
LP002698,0.050411
LP002699,0.31934
LP002700,0.149424
LP002701,0.127905
LP002702,0.225223
LP002703,0.359403
LP002704,0.284367
LP002705,0.154964
LP002706,0.078992
LP002707,0.138156
LP002708,0.265435
LP002709,0.976457
LP002710,0.071506
LP002711,0.024696
LP002712,0.115668
LP002713,0.269962
LP002714,0.23469
LP002715,0.211732
LP002716,0.627923
LP002717,0.115013
LP002718,0.278848
LP002719,0.301932
LP002720,0.344078
LP002721,0.981474
LP002722,0.288351
LP002723,0.416206
LP002724,0.139714
LP002725,0.120605
LP002726,0.107825
LP002727,0.069928
LP002728,0.399201
LP002729,0.383788
LP002730,0.073884
LP002731,0.45917
LP002732,0.113433
LP002733,0.90152
LP002734,0.761692
LP002735,0.947884
LP002736,0.221713
LP002737,0.57492
LP002738,0.086075
LP002739,0.899658
LP002740,0.081142
LP002741,0.33492
LP002742,0.020275
LP002743,0.884512
LP002744,0.159021
LP002745,0.870892
LP002746,0.3379
LP002747,0.026018
LP002748,0.741047
LP002749,0.545479
LP002750,0.858334
LP002751,0.077937
LP002752,0.026342
LP002753,0.730416
LP002754,0.067437
LP002755,0.679603
LP002756,0.882707
LP002757,0.674132
LP002758,0.164308
LP002759,0.155723
LP002760,0.842783
LP002761,0.965303
LP002762,0.69946
LP002763,0.394583
LP002764,0.209067
LP002765,0.841864
LP002766,0.173941
LP002767,0.057885
LP002768,0.11797
LP002769,0.301321
LP002770,0.266211
LP002771,0.49752
LP002772,0.37229
LP002773,0.663108
LP002774,0.811782
LP002775,0.558497
LP002776,0.822468
LP002777,0.344421
LP002778,0.065465
LP002779,0.113428
LP002780,0.841905
LP002781,0.109737
LP002782,0.593433
LP002783,0.075533
LP002784,0.206406
LP002785,0.381396
LP002786,0.194795
LP002787,0.192965
LP002788,0.209947
LP002789,0.4183
LP002790,0.094458
LP002791,0.956424
LP002792,0.794195
LP002793,0.33123
LP002794,0.489841
LP002795,0.364622
LP002796,0.257405
LP002797,0.133138
LP002798,0.463485
LP002799,0.847143
LP002800,0.399164
LP002801,0.719636
LP002802,0.114983
LP002803,0.114428
LP002804,0.231453
LP002805,0.900484
LP002806,0.604208
LP002807,0.11823
LP002808,0.388044
LP002809,0.595592
LP002810,0.070833
LP002811,0.35346
LP002812,0.318088
LP002813,0.366861
LP002814,0.033948
LP002815,0.285491
LP002816,0.503408
LP002817,0.129137
LP002818,0.091866
LP002819,0.565465
LP002820,0.6434
LP002821,0.228836
LP002822,0.886902
LP002823,0.127513
LP002824,0.298751
LP002825,0.927561
LP002826,0.095506
LP002827,0.173683
LP002828,0.606325
LP002829,0.310166
LP002830,0.106093
LP002831,0.62273
LP002832,0.71667
LP002833,0.762679
LP002834,0.419663
LP002835,0.190897
LP002836,0.937442
LP002837,0.888028
LP002838,0.95058
LP002839,0.346178
LP002840,0.388096
LP002841,0.151818
LP002842,0.268344
LP002843,0.402195
LP002844,0.975117
LP002845,0.066411
LP002846,0.024501
LP002847,0.375756
LP002848,0.833457
LP002849,0.899778
LP002850,0.644148
LP002851,0.487802
LP002852,0.184055
LP002853,0.476699
LP002854,0.290725
LP002855,0.277893
LP002856,0.01601
LP002857,0.198428
LP002858,0.435996
LP002859,0.517974
LP002860,0.101692
LP002861,0.441814
LP002862,0.56914
LP002863,0.567283
LP002864,0.199078
LP002865,0.76714
LP002866,0.432593
LP002867,0.294151
LP002868,0.207564
LP002869,0.740182
LP002870,0.520237
LP002871,0.28241
LP002872,0.11543
LP002873,0.88974
LP002874,0.024069
LP002875,0.426025
LP002876,0.753713
LP002877,0.01846
LP002878,0.410821
LP002879,0.171367
LP002880,0.615545
LP002881,0.907873
LP002882,0.067822
LP002883,0.291071
LP002884,0.014119
LP002885,0.201931
LP002886,0.06997
LP002887,0.281827
LP002888,0.705868
LP002889,0.071732
LP002890,0.161301
LP002891,0.25323
LP002892,0.850376
LP002893,0.769054
LP002894,0.779856
LP002895,0.927408
LP002896,0.977786
LP002897,0.32738
LP002898,0.149696
LP002899,0.605006
LP002900,0.050577
LP002901,0.139725
LP002902,0.666605
LP002903,0.384936
LP002904,0.2493
LP002905,0.16919
LP002906,0.216149
LP002907,0.212071
LP002908,0.080083
LP002909,0.02379
LP002910,0.10176
LP002911,0.053334
LP002912,0.104426
LP002913,0.098594
LP002914,0.430435
LP002915,0.359018
LP002916,0.030426
LP002917,0.202373
LP002918,0.154952
LP002919,0.209899
LP002920,0.205231
LP002921,0.06182
LP002922,0.111381
LP002923,0.363258
LP002924,0.085569
LP002925,0.826594
LP002926,0.05244
LP002927,0.442291
LP002928,0.894855
LP002929,0.647001
LP002930,0.076102
LP002931,0.220534
LP002932,0.750948
LP002933,0.048024
LP002934,0.104463
LP002935,0.359231
LP002936,0.562065
LP002937,0.817429
LP002938,0.096582
LP002939,0.109216
LP002940,0.063108
LP002941,0.113076
LP002942,0.748586
LP002943,0.029258
LP002944,0.579965
LP002945,0.601317
LP002946,0.680955
LP002947,0.738898
LP002948,0.052532
LP002949,0.53801
LP002950,0.1189
LP002951,0.224814
LP002952,0.152012
LP002953,0.519611
LP002954,0.541127
LP002955,0.073763
LP002956,0.070614
LP002957,0.048747
LP002958,0.918829
LP002959,0.336792
LP002960,0.721235
LP002961,0.701309
LP002962,0.774077
LP002963,0.246672
LP002964,0.335644
LP002965,0.614544
LP002966,0.057801
LP002967,0.905559
LP002968,0.153364
LP002969,0.143462
LP002970,0.50841
LP002971,0.08795
LP002972,0.116104
LP002973,0.258778
LP002974,0.020057
LP002975,0.084829
LP002976,0.150338
LP002977,0.220999
LP002978,0.075157
LP002979,0.149392
LP002980,0.3668
LP002981,0.172782
LP002982,0.470016
LP002983,0.243685
LP002984,0.408918
LP002985,0.493101
LP002986,0.025543
LP002987,0.378432
LP002988,0.69672
LP002989,0.866191
LP002990,0.024819
LP002991,0.128837
LP002992,0.77763
LP002993,0.570393
LP002994,0.700391
LP002995,0.305216
LP002996,0.141848
LP002997,0.223785
LP002998,0.874117
LP002999,0.167602
LP003000,0.304992
LP003001,0.067685
LP003002,0.762222
LP003003,0.641837
LP003004,0.391773
LP003005,0.715301
LP003006,0.781285
LP003007,0.37651
LP003008,0.554433
LP003009,0.061996
LP003010,0.574269
LP003011,0.186818
LP003012,0.015756
LP003013,0.168425
LP003014,0.747059
LP003015,0.573387
LP003016,0.873859
LP003017,0.237963
LP003018,0.377046
LP003019,0.092856
LP003020,0.058637
LP003021,0.51386
LP003022,0.609966
LP003023,0.496292
LP003024,0.536314
LP003025,0.506901
LP003026,0.357543
LP003027,0.258763
LP003028,0.105891
LP003029,0.132824
LP003030,0.06377
LP003031,0.723759
LP003032,0.723782
LP003033,0.081854
LP003034,0.493639
LP003035,0.157192
LP003036,0.381991
LP003037,0.352533
LP003038,0.484347
LP003039,0.059846
LP003040,0.02555
LP003041,0.699721
LP003042,0.480505
LP003043,0.05504
LP003044,0.098672
LP003045,0.692821
LP003046,0.226643
LP003047,0.313885
LP003048,0.176377
LP003049,0.569995
LP003050,0.75103
LP003051,0.827897
LP003052,0.378094
LP003053,0.239678
LP003054,0.900285
LP003055,0.951191
LP003056,0.198149
LP003057,0.32305
LP003058,0.094797
LP003059,0.044817
LP003060,0.073309
LP003061,0.960665
LP003062,0.844054
LP003063,0.517187
LP003064,0.2089
LP003065,0.176533
LP003066,0.478028
LP003067,0.788458
LP003068,0.508362
LP003069,0.099889
LP003070,0.422319
LP003071,0.198203
LP003072,0.131584
LP003073,0.48055
LP003074,0.854117
LP003075,0.079934
LP003076,0.430462
LP003077,0.069165
LP003078,0.429719
LP003079,0.951302
LP003080,0.041831
LP003081,0.64108
LP003082,0.617905
LP003083,0.359193
LP003084,0.500521
LP003085,0.478588
LP003086,0.730201
LP003087,0.113535
LP003088,0.176476
LP003089,0.232622
LP003090,0.256222
LP003091,0.877091
LP003092,0.882951
LP003093,0.300704
LP003094,0.232729
LP003095,0.407451
LP003096,0.982687
LP003097,0.44992
LP003098,0.472184
LP003099,0.286562
LP003100,0.550831
LP003101,0.497086
LP003102,0.860017
LP003103,0.023901
LP003104,0.507247
LP003105,0.335914
LP003106,0.957682
LP003107,0.191667
LP003108,0.564769
LP003109,0.730113
LP003110,0.168243
LP003111,0.958762
LP003112,0.24871
LP003113,0.24069
LP003114,0.363193
LP003115,0.158932
LP003116,0.061694
LP003117,0.212148
LP003118,0.355214
LP003119,0.409448
LP003120,0.861528
LP003121,0.117148
LP003122,0.036805
LP003123,0.317462
LP003124,0.361873
LP003125,0.838941
LP003126,0.806278
LP003127,0.072513
LP003128,0.562197
LP003129,0.350261
LP003130,0.466995
LP003131,0.568622
LP003132,0.053745
LP003133,0.070456
LP003134,0.241106
LP003135,0.088316
LP003136,0.285943
LP003137,0.736147
LP003138,0.045095
LP003139,0.606167
LP003140,0.374075
LP003141,0.225075
LP003142,0.043916
LP003143,0.683033
LP003144,0.817368
LP003145,0.732432
LP003146,0.235029
LP003147,0.028961
LP003148,0.913953
LP003149,0.53837
LP003150,0.646675
LP003151,0.288922
LP003152,0.137354
LP003153,0.397506
LP003154,0.610866
LP003155,0.13041
LP003156,0.13934
LP003157,0.270971
LP003158,0.175069
LP003159,0.799035
LP003160,0.062487
LP003161,0.455738
LP003162,0.290839
LP003163,0.196612
LP003164,0.47797
LP003165,0.565129
LP003166,0.700872
LP003167,0.529959
LP003168,0.628249
LP003169,0.44496
LP003170,0.031289
LP003171,0.484173
LP003172,0.065897
LP003173,0.881841
LP003174,0.955595
LP003175,0.574692
LP003176,0.665443
LP003177,0.181088
LP003178,0.867308
LP003179,0.505302
LP003180,0.528986
LP003181,0.381253
LP003182,0.509732
LP003183,0.778711
LP003184,0.12228
LP003185,0.929211
LP003186,0.415813
LP003187,0.556465
LP003188,0.832488
LP003189,0.194054
LP003190,0.510422
LP003191,0.504295
LP003192,0.097011
LP003193,0.901972
LP003194,0.531411
LP003195,0.022407
LP003196,0.758667
LP003197,0.885684
LP003198,0.164492
LP003199,0.037091
LP003200,0.143406
LP003201,0.644804
LP003202,0.922567
LP003203,0.124553
LP003204,0.027327
LP003205,0.717363
LP003206,0.834278
LP003207,0.072469
LP003208,0.976283
LP003209,0.763446
LP003210,0.192646
LP003211,0.876004
LP003212,0.194394
LP003213,0.53318
LP003214,0.104064
LP003215,0.756931
LP003216,0.37848
LP003217,0.156481
LP003218,0.016627
LP003219,0.703351
LP003220,0.116568
LP003221,0.940105
LP003222,0.301739
LP003223,0.616409
LP003224,0.046555
LP003225,0.438073
LP003226,0.120736
LP003227,0.521888
LP003228,0.316759
LP003229,0.090964
LP003230,0.133288
LP003231,0.109126
LP003232,0.93771
LP003233,0.243531
LP003234,0.502381
LP003235,0.859964
LP003236,0.372202
LP003237,0.240154
LP003238,0.489729
LP003239,0.797042
LP003240,0.074831
LP003241,0.098013
LP003242,0.949893
LP003243,0.9464
LP003244,0.411718
LP003245,0.420337
LP003246,0.435019
LP003247,0.354692
LP003248,0.175191
LP003249,0.046101
LP003250,0.092657
LP003251,0.799516
LP003252,0.467534
LP003253,0.20975
LP003254,0.946572
LP003255,0.682694
LP003256,0.452418
LP003257,0.068372
LP003258,0.439511
LP003259,0.407716
LP003260,0.476224
LP003261,0.197995
LP003262,0.745605
LP003263,0.043324
LP003264,0.190453
LP003265,0.286605
LP003266,0.022705
LP003267,0.040262
LP003268,0.273966
LP003269,0.53089
LP003270,0.352176
LP003271,0.120833
LP003272,0.845026
LP003273,0.577383
LP003274,0.224564
LP003275,0.539859
LP003276,0.097017
LP003277,0.936053
LP003278,0.742957
LP003279,0.528996
LP003280,0.035355
LP003281,0.049957
LP003282,0.153523
LP003283,0.262149
LP003284,0.264037
LP003285,0.862948
LP003286,0.353929
LP003287,0.904301
LP003288,0.109874
LP003289,0.026967
LP003290,0.812372
LP003291,0.567754
LP003292,0.567513
LP003293,0.834026
LP003294,0.301952
LP003295,0.071307
LP003296,0.737567
LP003297,0.108139
LP003298,0.785289
LP003299,0.030325
LP003300,0.084799
LP003301,0.24783
LP003302,0.21569
LP003303,0.123776
LP003304,0.891186
LP003305,0.042005
LP003306,0.873943
LP003307,0.493929
LP003308,0.411579
LP003309,0.924185
LP003310,0.593626
LP003311,0.432136
LP003312,0.1253
LP003313,0.661803
LP003314,0.864253
LP003315,0.344572
LP003316,0.535532
LP003317,0.867819
LP003318,0.286512
LP003319,0.59979
LP003320,0.203126
LP003321,0.542422
LP003322,0.714987
LP003323,0.464529
LP003324,0.059538
LP003325,0.345648
LP003326,0.166691
LP003327,0.045267
LP003328,0.228261
LP003329,0.179981
LP003330,0.174819
LP003331,0.95356
LP003332,0.661414
LP003333,0.218933
LP003334,0.086672
LP003335,0.155068
LP003336,0.428452
LP003337,0.304649
LP003338,0.068818
LP003339,0.871728
LP003340,0.609056
LP003341,0.296452
LP003342,0.305748
LP003343,0.054153
LP003344,0.251386
LP003345,0.032707
LP003346,0.345577
LP003347,0.780283
LP003348,0.298938
LP003349,0.394039
LP003350,0.078602
LP003351,0.544711
LP003352,0.019187
LP003353,0.549452
LP003354,0.520008
LP003355,0.829469
LP003356,0.16466
LP003357,0.522891
LP003358,0.806232
LP003359,0.587671
LP003360,0.576007
LP003361,0.092774
LP003362,0.590741
LP003363,0.366299
LP003364,0.095275
LP003365,0.178646
LP003366,0.263268
LP003367,0.991131
LP003368,0.168659
LP003369,0.532598
LP003370,0.518632
LP003371,0.149072
LP003372,0.774081
LP003373,0.100999
LP003374,0.473622
LP003375,0.761323
LP003376,0.094978
LP003377,0.430813
LP003378,0.450342
LP003379,0.313208
LP003380,0.180756
LP003381,0.344608
LP003382,0.72244
LP003383,0.766052
LP003384,0.110878
LP003385,0.347768
LP003386,0.113901
LP003387,0.344015
LP003388,0.820616
LP003389,0.061576
LP003390,0.067628
LP003391,0.041188
LP003392,0.277258
LP003393,0.145443
LP003394,0.357282
LP003395,0.160195
LP003396,0.590548
LP003397,0.511165
LP003398,0.148603
LP003399,0.136104
LP003400,0.107878
LP003401,0.03516
LP003402,0.081029
LP003403,0.202008
LP003404,0.807802
LP003405,0.186522
LP003406,0.564656
LP003407,0.35422
LP003408,0.045312
LP003409,0.232664
LP003410,0.243259
LP003411,0.984974
LP003412,0.175814
LP003413,0.547136
LP003414,0.130772
LP003415,0.040134
LP003416,0.36882
LP003417,0.10397
LP003418,0.557569
LP003419,0.164567
LP003420,0.559589
LP003421,0.078819
LP003422,0.31452
LP003423,0.459811
LP003424,0.760486
LP003425,0.42801
LP003426,0.397048
LP003427,0.781747
LP003428,0.333489
LP003429,0.871677
LP003430,0.19925
LP003431,0.245438
LP003432,0.16241
LP003433,0.521905
LP003434,0.062288
LP003435,0.086649
LP003436,0.70258
LP003437,0.850011
LP003438,0.170506
LP003439,0.047563
LP003440,0.039408
LP003441,0.396979
LP003442,0.427109
LP003443,0.624366
LP003444,0.35359
LP003445,0.92697
LP003446,0.087064
LP003447,0.727468
LP003448,0.381272
LP003449,0.795686
LP003450,0.095908
LP003451,0.690768
LP003452,0.039451
LP003453,0.321375
LP003454,0.439147
LP003455,0.073841
LP003456,0.29207
LP003457,0.016556
LP003458,0.044095
LP003459,0.439626
LP003460,0.451175
LP003461,0.940361
LP003462,0.546346
LP003463,0.548708
LP003464,0.741694
LP003465,0.444964
LP003466,0.052966
LP003467,0.388587
LP003468,0.106163
LP003469,0.746449
LP003470,0.089161
LP003471,0.173833
LP003472,0.171119
LP003473,0.282612
LP003474,0.192272
LP003475,0.070608
LP003476,0.644808
LP003477,0.704184
LP003478,0.165096
LP003479,0.020441
LP003480,0.036494
LP003481,0.113275
LP003482,0.136085
LP003483,0.072179
LP003484,0.215905
LP003485,0.082332
LP003486,0.225545
LP003487,0.274107
LP003488,0.123251
LP003489,0.92771
LP003490,0.824534
LP003491,0.180782
LP003492,0.317609
LP003493,0.299415
LP003494,0.105887
LP003495,0.047942
LP003496,0.054172
LP003497,0.576041
LP003498,0.281165
LP003499,0.635868
LP003500,0.176112
LP003501,0.054883
LP003502,0.126013
LP003503,0.531502
LP003504,0.051495
LP003505,0.044974
LP003506,0.46959
LP003507,0.284101
LP003508,0.279587
LP003509,0.578026
LP003510,0.286816
LP003511,0.064062
LP003512,0.619132
LP003513,0.198634
LP003514,0.027627
LP003515,0.070105
LP003516,0.89064
LP003517,0.273458
LP003518,0.898492
LP003519,0.12393
LP003520,0.306191
LP003521,0.081123
LP003522,0.28429
LP003523,0.497606
LP003524,0.216225
LP003525,0.072168
LP003526,0.661753
LP003527,0.564055
LP003528,0.065661
LP003529,0.181197
LP003530,0.892121
LP003531,0.278417
LP003532,0.2504
LP003533,0.663527
LP003534,0.58408
LP003535,0.305985
LP003536,0.044532
LP003537,0.484709
LP003538,0.113852
LP003539,0.041852
LP003540,0.128418
LP003541,0.129859
LP003542,0.149911
LP003543,0.284589
LP003544,0.487768
LP003545,0.20459
LP003546,0.149652
LP003547,0.214589
LP003548,0.568581
LP003549,0.649655
LP003550,0.889745
LP003551,0.027106
LP003552,0.032083
LP003553,0.298205
LP003554,0.270109
LP003555,0.025455
LP003556,0.138057
LP003557,0.422006
LP003558,0.219516
LP003559,0.462393
LP003560,0.429645
LP003561,0.081596
LP003562,0.034123
LP003563,0.256206
LP003564,0.762878
LP003565,0.252042
LP003566,0.007991
LP003567,0.076975
LP003568,0.437069
LP003569,0.266989
LP003570,0.197413
LP003571,0.042908
LP003572,0.478037
LP003573,0.970523
LP003574,0.551822
LP003575,0.852651
LP003576,0.969869
LP003577,0.096731
LP003578,0.149386
LP003579,0.128655
LP003580,0.370579
LP003581,0.138048
LP003582,0.285888
LP003583,0.792743
LP003584,0.107785
LP003585,0.08237
LP003586,0.245834
LP003587,0.458052
LP003588,0.080592
LP003589,0.039982
LP003590,0.235104
LP003591,0.209016
LP003592,0.185499
LP003593,0.418662
LP003594,0.015726
LP003595,0.64588
LP003596,0.031288
LP003597,0.027278
LP003598,0.738199
LP003599,0.525368
LP003600,0.284108
LP003601,0.19038
LP003602,0.200647
LP003603,0.161501
LP003604,0.877685
LP003605,0.13506
LP003606,0.123552
LP003607,0.48554
LP003608,0.415578
LP003609,0.480818
LP003610,0.061379
LP003611,0.063788
LP003612,0.886301
LP003613,0.714223
LP003614,0.939736
LP003615,0.260738
LP003616,0.573026
LP003617,0.620604
LP003618,0.340234
LP003619,0.13958
LP003620,0.176792
LP003621,0.638816
LP003622,0.556361
LP003623,0.375161
LP003624,0.86436
LP003625,0.215303
LP003626,0.286593
LP003627,0.101659
LP003628,0.383352
LP003629,0.285746
LP003630,0.089877
LP003631,0.061746
LP003632,0.845573
LP003633,0.26836
LP003634,0.211309
LP003635,0.447263
LP003636,0.528392
LP003637,0.19686
LP003638,0.094229
LP003639,0.29995
LP003640,0.324081
LP003641,0.148808
LP003642,0.994091
LP003643,0.447313
LP003644,0.051513
LP003645,0.0747
LP003646,0.757299
LP003647,0.504968
LP003648,0.942877
LP003649,0.33636
LP003650,0.637268
LP003651,0.312103
LP003652,0.080009
LP003653,0.967067
LP003654,0.394106
LP003655,0.093438
LP003656,0.227394
LP003657,0.15858
LP003658,0.451909
LP003659,0.160393
LP003660,0.331473
LP003661,0.822757
LP003662,0.388313
LP003663,0.123343
LP003664,0.371581
LP003665,0.543137
LP003666,0.588204
LP003667,0.079667
LP003668,0.318728
LP003669,0.51917
LP003670,0.175145
LP003671,0.365389
LP003672,0.388081
LP003673,0.30498
LP003674,0.020449
LP003675,0.301076
LP003676,0.099559
LP003677,0.830459
LP003678,0.298541
LP003679,0.643812
LP003680,0.661288
LP003681,0.190436
LP003682,0.919346
LP003683,0.09593
LP003684,0.175093
LP003685,0.980576
LP003686,0.110431
LP003687,0.039129
LP003688,0.168595
LP003689,0.105245
LP003690,0.083476
LP003691,0.047966
LP003692,0.085754
LP003693,0.077393
LP003694,0.180537
LP003695,0.475034
LP003696,0.024722
LP003697,0.435083
LP003698,0.091481
LP003699,0.15984
LP003700,0.529873
LP003701,0.221918
LP003702,0.719454
LP003703,0.160184
LP003704,0.050264
LP003705,0.955211
LP003706,0.439897
LP003707,0.860663
LP003708,0.439487
LP003709,0.250654
LP003710,0.300802
LP003711,0.944733
LP003712,0.03513
LP003713,0.383455
LP003714,0.138173
LP003715,0.834025
LP003716,0.344166
LP003717,0.636255
LP003718,0.890877
LP003719,0.936106
LP003720,0.132376
LP003721,0.366403
LP003722,0.336292
LP003723,0.632787
LP003724,0.156567
LP003725,0.035735
LP003726,0.47241
LP003727,0.309907
LP003728,0.37432
LP003729,0.053955
LP003730,0.069313
LP003731,0.881943
LP003732,0.661436
LP003733,0.122024
LP003734,0.139639
LP003735,0.120655
LP003736,0.262203
LP003737,0.068828
LP003738,0.031409
LP003739,0.733467
LP003740,0.597834
LP003741,0.336435
LP003742,0.393722
LP003743,0.169743
LP003744,0.573637
LP003745,0.745425
LP003746,0.925786
LP003747,0.903607
LP003748,0.165679
LP003749,0.611427
LP003750,0.419707
LP003751,0.148039
LP003752,0.358211
LP003753,0.366475
LP003754,0.089393
LP003755,0.742371
LP003756,0.090074
LP003757,0.32437
LP003758,0.644723
LP003759,0.449125
LP003760,0.700793
LP003761,0.216633
LP003762,0.398459
LP003763,0.858002
LP003764,0.122629
LP003765,0.95962
LP003766,0.121793
LP003767,0.508385
LP003768,0.813375
LP003769,0.942912
LP003770,0.295528
LP003771,0.12794
LP003772,0.946398
LP003773,0.155799
LP003774,0.300145
LP003775,0.662067
LP003776,0.117644
LP003777,0.322894
LP003778,0.158619
LP003779,0.217943
LP003780,0.52958
LP003781,0.097552
LP003782,0.602925
LP003783,0.334226
LP003784,0.104917
LP003785,0.716372
LP003786,0.635577
LP003787,0.239602
LP003788,0.207408
LP003789,0.479325
LP003790,0.191817
LP003791,0.633
LP003792,0.46157
LP003793,0.585426
LP003794,0.136834
LP003795,0.536738
LP003796,0.288513
LP003797,0.641579
LP003798,0.482821
LP003799,0.363893
LP003800,0.371394
LP003801,0.019752
LP003802,0.76825
LP003803,0.360633
LP003804,0.386328
LP003805,0.212281
LP003806,0.114514
LP003807,0.110654
LP003808,0.821026
LP003809,0.072705
LP003810,0.449071
LP003811,0.105648
LP003812,0.25693
LP003813,0.136219
LP003814,0.858392
LP003815,0.18235
LP003816,0.224351
LP003817,0.270499
LP003818,0.296062
LP003819,0.359038
LP003820,0.394397
LP003821,0.751225
LP003822,0.161964
LP003823,0.125927
LP003824,0.267541
LP003825,0.093059
LP003826,0.936282
LP003827,0.114644
LP003828,0.776076
LP003829,0.115501
LP003830,0.050578
LP003831,0.286451
LP003832,0.969103
LP003833,0.534562
LP003834,0.88468
LP003835,0.527798
LP003836,0.433037
LP003837,0.189026
LP003838,0.68451
LP003839,0.282045
LP003840,0.041853
LP003841,0.677446
LP003842,0.858155
LP003843,0.558633
LP003844,0.817797
LP003845,0.132823
LP003846,0.94525
LP003847,0.724166
LP003848,0.252452
LP003849,0.325993
LP003850,0.056421
LP003851,0.916456
LP003852,0.684083
LP003853,0.181697
LP003854,0.530728
LP003855,0.331035
LP003856,0.38967
LP003857,0.372909
LP003858,0.310482
LP003859,0.091056
LP003860,0.249248
LP003861,0.628042
LP003862,0.740726
LP003863,0.280971
LP003864,0.67719
LP003865,0.472154
LP003866,0.411723
LP003867,0.130632
LP003868,0.099534
LP003869,0.04661
LP003870,0.03397
LP003871,0.861207
LP003872,0.44976
LP003873,0.34526
LP003874,0.178909
LP003875,0.872627
LP003876,0.1085
LP003877,0.708205
LP003878,0.208384
LP003879,0.540673
LP003880,0.824742
LP003881,0.027971
LP003882,0.879816
LP003883,0.246143
LP003884,0.685445
LP003885,0.918541
LP003886,0.042712
LP003887,0.469209
LP003888,0.570825
LP003889,0.133856
LP003890,0.401504
LP003891,0.358139
LP003892,0.75426
LP003893,0.439984
LP003894,0.206022
LP003895,0.773146
LP003896,0.064185
LP003897,0.994978
LP003898,0.609293
LP003899,0.036514
LP003900,0.534159
LP003901,0.018969
LP003902,0.938123
LP003903,0.739887
LP003904,0.882647
LP003905,0.432208
LP003906,0.112646
LP003907,0.519352
LP003908,0.120951
LP003909,0.622052
LP003910,0.745839
LP003911,0.762265
LP003912,0.154126
LP003913,0.075123
LP003914,0.807753
LP003915,0.52267
LP003916,0.096059
LP003917,0.950424
LP003918,0.673621
LP003919,0.320093
LP003920,0.035606
LP003921,0.059462
LP003922,0.158391
LP003923,0.467522
LP003924,0.791559
LP003925,0.028297
LP003926,0.033798
LP003927,0.183537
LP003928,0.831546
LP003929,0.113748
LP003930,0.035505
LP003931,0.476239
LP003932,0.400269
LP003933,0.745063
LP003934,0.858879
LP003935,0.327824
LP003936,0.77745
LP003937,0.522864
LP003938,0.098929
LP003939,0.801855
LP003940,0.404657
LP003941,0.218026
LP003942,0.182196
LP003943,0.239132
LP003944,0.362145
LP003945,0.125687
LP003946,0.847079
LP003947,0.065652
LP003948,0.434366
LP003949,0.315106
LP003950,0.031642
LP003951,0.132499
LP003952,0.538297
LP003953,0.937371
LP003954,0.191537
LP003955,0.790347
LP003956,0.073483
LP003957,0.917431
LP003958,0.165254
LP003959,0.027749
LP003960,0.635653
LP003961,0.482062
LP003962,0.10997
LP003963,0.847945
LP003964,0.061977
LP003965,0.886873
LP003966,0.212228
LP003967,0.722232
LP003968,0.146301
LP003969,0.531275
LP003970,0.203054
LP003971,0.683274
LP003972,0.491164
LP003973,0.013302
LP003974,0.148082
LP003975,0.360486
LP003976,0.489298
LP003977,0.237095
LP003978,0.094058
LP003979,0.150207
LP003980,0.442218
LP003981,0.493278
LP003982,0.098928
LP003983,0.225228
LP003984,0.229079
LP003985,0.097117
LP003986,0.361284
LP003987,0.310769
LP003988,0.84803
LP003989,0.110383
LP003990,0.173001
LP003991,0.781213
LP003992,0.189562
LP003993,0.645369
LP003994,0.281089
LP003995,0.557526
LP003996,0.030882
LP003997,0.095047
LP003998,0.273351
LP003999,0.634211
LP004000,0.616821
LP004001,0.049513
LP004002,0.051154
LP004003,0.076996
LP004004,0.132176
LP004005,0.743301
LP004006,0.768757
LP004007,0.063746
LP004008,0.481881
LP004009,0.222076
LP004010,0.115131
LP004011,0.309319
LP004012,0.309693
LP004013,0.227839
LP004014,0.121616
LP004015,0.39859
LP004016,0.481587
LP004017,0.046206
LP004018,0.195882
LP004019,0.677313
LP004020,0.132222
LP004021,0.415964
LP004022,0.044317
LP004023,0.768135
LP004024,0.118731
LP004025,0.662032
LP004026,0.077354
LP004027,0.815921
LP004028,0.566956
LP004029,0.713575
LP004030,0.818989
LP004031,0.915374
LP004032,0.710824
LP004033,0.383339
LP004034,0.907596
LP004035,0.963079
LP004036,0.339659
LP004037,0.022006
LP004038,0.044771
LP004039,0.569622
LP004040,0.110565
LP004041,0.885895
LP004042,0.212444
LP004043,0.477551
LP004044,0.074922
LP004045,0.490322
LP004046,0.175702
LP004047,0.180241
LP004048,0.796386
LP004049,0.862065
LP004050,0.066255
LP004051,0.938684
LP004052,0.103381
LP004053,0.686074
LP004054,0.669647
LP004055,0.580474
LP004056,0.670107
LP004057,0.073637
LP004058,0.332789
LP004059,0.130829
LP004060,0.266401
LP004061,0.294851
LP004062,0.719409
LP004063,0.168132
LP004064,0.660138
LP004065,0.506487
LP004066,0.667704
LP004067,0.31318
LP004068,0.267488
LP004069,0.818468
LP004070,0.676399
LP004071,0.174525
LP004072,0.129505
LP004073,0.52789
LP004074,0.708577
LP004075,0.282291
LP004076,0.535182
LP004077,0.984799
LP004078,0.748419
LP004079,0.196038
LP004080,0.057145
LP004081,0.718238
LP004082,0.769334
LP004083,0.845695
LP004084,0.124748
LP004085,0.473856
LP004086,0.656847
LP004087,0.580886
LP004088,0.265551
LP004089,0.110577
LP004090,0.402806
LP004091,0.144317
LP004092,0.102282
LP004093,0.498811
LP004094,0.687408
LP004095,0.026458
LP004096,0.13337
LP004097,0.410229
LP004098,0.451178
LP004099,0.599786
LP004100,0.495331
LP004101,0.654495
LP004102,0.380365
LP004103,0.824605
LP004104,0.890454
LP004105,0.793526
LP004106,0.336949
LP004107,0.473752
LP004108,0.148447
LP004109,0.836103
LP004110,0.165516
LP004111,0.63323
LP004112,0.404148
LP004113,0.689772
LP004114,0.139963
LP004115,0.462922
LP004116,0.089234
LP004117,0.654694
LP004118,0.49503
LP004119,0.147634
LP004120,0.777363
LP004121,0.214911
LP004122,0.716885
LP004123,0.590166
LP004124,0.084063
LP004125,0.365944
LP004126,0.730168
LP004127,0.805549
LP004128,0.056067
LP004129,0.170933
LP004130,0.653164
LP004131,0.727515
LP004132,0.686097
LP004133,0.406861
LP004134,0.596675
LP004135,0.229874
LP004136,0.065351
LP004137,0.163577
LP004138,0.166531
LP004139,0.043201
LP004140,0.020353
LP004141,0.795296
LP004142,0.275829
LP004143,0.062852
LP004144,0.458203
LP004145,0.431873
LP004146,0.695601
LP004147,0.564322
LP004148,0.068318
LP004149,0.402633
LP004150,0.361891
LP004151,0.851261
LP004152,0.119745
LP004153,0.75469
LP004154,0.080766
LP004155,0.305263
LP004156,0.738709
LP004157,0.144686
LP004158,0.494629
LP004159,0.45185
LP004160,0.119458
LP004161,0.186855
LP004162,0.570193
LP004163,0.054021
LP004164,0.516518
LP004165,0.062062
LP004166,0.412005
LP004167,0.24784
LP004168,0.32733
LP004169,0.466961
LP004170,0.317435
LP004171,0.718165
LP004172,0.43798
LP004173,0.04988
LP004174,0.379872
LP004175,0.419726
LP004176,0.166487
LP004177,0.668915
LP004178,0.072714
LP004179,0.570797
LP004180,0.381706
LP004181,0.281443
LP004182,0.055993
LP004183,0.647653
LP004184,0.302891
LP004185,0.105568
LP004186,0.060354
LP004187,0.471549
LP004188,0.075793
LP004189,0.877601
LP004190,0.054105
LP004191,0.300577
LP004192,0.281305
LP004193,0.96069
LP004194,0.13807
LP004195,0.687408
LP004196,0.813453
LP004197,0.240383
LP004198,0.943139
LP004199,0.223054
LP004200,0.273559
LP004201,0.164681
LP004202,0.236142
LP004203,0.081999
LP004204,0.115376
LP004205,0.095497
LP004206,0.700642
LP004207,0.309149
LP004208,0.866164
LP004209,0.054229
LP004210,0.049637
LP004211,0.499254
LP004212,0.155514
LP004213,0.822823
LP004214,0.367311
LP004215,0.695183
LP004216,0.498506
LP004217,0.930595
LP004218,0.837831
LP004219,0.975844
LP004220,0.042282
LP004221,0.594936
LP004222,0.485438
LP004223,0.242017
LP004224,0.384283
LP004225,0.847674
LP004226,0.844756
LP004227,0.593965
LP004228,0.180829
LP004229,0.63514
LP004230,0.116819
LP004231,0.111447
LP004232,0.634295
LP004233,0.434761
LP004234,0.138826
LP004235,0.53323
LP004236,0.418468
LP004237,0.981412
LP004238,0.202462
LP004239,0.087764
LP004240,0.742863
LP004241,0.16256
LP004242,0.971827
LP004243,0.544841
LP004244,0.189398
LP004245,0.412224
LP004246,0.256535
LP004247,0.047141
LP004248,0.510864
LP004249,0.030918
LP004250,0.911023
LP004251,0.359761
LP004252,0.754856
LP004253,0.256067
LP004254,0.023123
LP004255,0.618646
LP004256,0.866353
LP004257,0.03793
LP004258,0.540953
LP004259,0.551592
LP004260,0.790479
LP004261,0.637155
LP004262,0.143734
LP004263,0.054366
LP004264,0.272509
LP004265,0.120146
LP004266,0.808209
LP004267,0.798228
LP004268,0.129425
LP004269,0.499463
LP004270,0.324846
LP004271,0.081643
LP004272,0.11468
LP004273,0.730958
LP004274,0.279254
LP004275,0.20034
LP004276,0.535553
LP004277,0.322272
LP004278,0.243832
LP004279,0.513199
LP004280,0.781191
LP004281,0.150705
LP004282,0.658601
LP004283,0.091162
LP004284,0.04625
LP004285,0.037701
LP004286,0.416682
LP004287,0.924504
LP004288,0.460391
LP004289,0.102434
LP004290,0.31037
LP004291,0.775732
LP004292,0.042001
LP004293,0.359191
LP004294,0.399351
LP004295,0.333822
LP004296,0.076847
LP004297,0.448406
LP004298,0.095265
LP004299,0.065271
LP004300,0.49865
LP004301,0.186743
LP004302,0.026654
LP004303,0.017046
LP004304,0.721278
LP004305,0.137219
LP004306,0.195801
LP004307,0.795295
LP004308,0.452739
LP004309,0.374226
LP004310,0.38696
LP004311,0.180401
LP004312,0.291765
LP004313,0.710269
LP004314,0.302198
LP004315,0.495221
LP004316,0.17851
LP004317,0.107442
LP004318,0.393811
LP004319,0.830012
LP004320,0.118975
LP004321,0.073649
LP004322,0.834952
LP004323,0.319654
LP004324,0.147239
LP004325,0.359211
LP004326,0.185221
LP004327,0.299114
LP004328,0.938282
LP004329,0.050379
LP004330,0.324976
LP004331,0.090164
LP004332,0.788162
LP004333,0.27293
LP004334,0.160153
LP004335,0.425603
LP004336,0.84485
LP004337,0.308329
LP004338,0.180908
LP004339,0.508617
LP004340,0.012496
LP004341,0.084229
LP004342,0.027938
LP004343,0.403552
LP004344,0.084663
LP004345,0.43577
LP004346,0.222608
LP004347,0.7359
LP004348,0.096107
LP004349,0.197225
LP004350,0.313585
LP004351,0.012036
LP004352,0.908651
LP004353,0.392933
LP004354,0.915555
LP004355,0.022497
LP004356,0.560733
LP004357,0.574766
LP004358,0.064798
LP004359,0.020478
LP004360,0.272421
LP004361,0.196106
LP004362,0.088392
LP004363,0.129733
LP004364,0.093473
LP004365,0.056857
LP004366,0.128376
LP004367,0.262888
LP004368,0.406422
LP004369,0.265682
LP004370,0.669161
LP004371,0.460409
LP004372,0.063229
LP004373,0.683758
LP004374,0.087086
LP004375,0.370495
LP004376,0.152143
LP004377,0.247207
LP004378,0.492715
LP004379,0.351238
LP004380,0.279449
LP004381,0.619692
LP004382,0.466112
LP004383,0.197496
LP004384,0.392007
LP004385,0.008709
LP004386,0.050406
LP004387,0.462119
LP004388,0.014887
LP004389,0.027286
LP004390,0.602478
LP004391,0.179631
LP004392,0.369429
LP004393,0.730883
LP004394,0.720084
LP004395,0.14503
LP004396,0.160442
LP004397,0.325224
LP004398,0.068827
LP004399,0.315839
LP004400,0.056333
LP004401,0.213611
LP004402,0.550051
LP004403,0.803965
LP004404,0.327324
LP004405,0.308177
LP004406,0.223334
LP004407,0.376259
LP004408,0.119898
LP004409,0.150471
LP004410,0.436732
LP004411,0.3006
LP004412,0.934406
LP004413,0.626693
LP004414,0.628892
LP004415,0.68601
LP004416,0.87255
LP004417,0.5908
LP004418,0.591088
LP004419,0.74839
LP004420,0.637569
LP004421,0.5163
LP004422,0.082236
LP004423,0.42157
LP004424,0.451603
LP004425,0.205421
LP004426,0.378318
LP004427,0.18059
LP004428,0.7549
LP004429,0.486808
LP004430,0.706761
LP004431,0.425163
LP004432,0.09561
LP004433,0.330961
LP004434,0.198795
LP004435,0.321576
LP004436,0.134521
LP004437,0.15548
LP004438,0.226394
LP004439,0.129658
LP004440,0.541551
LP004441,0.09959
LP004442,0.202531
LP004443,0.169382
LP004444,0.093088
LP004445,0.316331
LP004446,0.402891
LP004447,0.562313
LP004448,0.914414
LP004449,0.098816
LP004450,0.981138
LP004451,0.245462
LP004452,0.046175
LP004453,0.478768
LP004454,0.371461
LP004455,0.369754
LP004456,0.171268
LP004457,0.256778
LP004458,0.288979
LP004459,0.332032
LP004460,0.815124
LP004461,0.794354
LP004462,0.528372
LP004463,0.651846
LP004464,0.54074
LP004465,0.83507
LP004466,0.458055
LP004467,0.256615
LP004468,0.065804
LP004469,0.191133
LP004470,0.051811
LP004471,0.672876
LP004472,0.919055
LP004473,0.410996
LP004474,0.383126
LP004475,0.236511
LP004476,0.111748
LP004477,0.13757
LP004478,0.033829
LP004479,0.752094
LP004480,0.458999
LP004481,0.097412
LP004482,0.798117
LP004483,0.707457
LP004484,0.662164
LP004485,0.563723
LP004486,0.194677
LP004487,0.696675
LP004488,0.284612
LP004489,0.400193
LP004490,0.433052
LP004491,0.933511
LP004492,0.990771
LP004493,0.353008
LP004494,0.541365
LP004495,0.169028
LP004496,0.811617
LP004497,0.537159
LP004498,0.010899
LP004499,0.237465
LP004500,0.771172
LP004501,0.404586
LP004502,0.504068
LP004503,0.467872
LP004504,0.55212
LP004505,0.073935
LP004506,0.677054
LP004507,0.916697
LP004508,0.142696
LP004509,0.405717
LP004510,0.928633
LP004511,0.964293
LP004512,0.975071
LP004513,0.112305
LP004514,0.824155
LP004515,0.099255
LP004516,0.679199
LP004517,0.689221
LP004518,0.919318
LP004519,0.397902
LP004520,0.039202
LP004521,0.615508
LP004522,0.943792
LP004523,0.203187
LP004524,0.05462
LP004525,0.857182
LP004526,0.211291
LP004527,0.857398
LP004528,0.090735
LP004529,0.396145
LP004530,0.857038
LP004531,0.50116
LP004532,0.312786
LP004533,0.472536
LP004534,0.292554
LP004535,0.188753
LP004536,0.797059
LP004537,0.965718
LP004538,0.523423
LP004539,0.491676
LP004540,0.014472
LP004541,0.223108
LP004542,0.741117
LP004543,0.129476
LP004544,0.67582
LP004545,0.568825
LP004546,0.1499
LP004547,0.199101
LP004548,0.581213
LP004549,0.187088
LP004550,0.992463
LP004551,0.222594
LP004552,0.158005
LP004553,0.836901
LP004554,0.525261
LP004555,0.314707
LP004556,0.410921
LP004557,0.240186
LP004558,0.221653
LP004559,0.870042
LP004560,0.05811
LP004561,0.20595
LP004562,0.104883
LP004563,0.056576
LP004564,0.257984
LP004565,0.296024
LP004566,0.654343
LP004567,0.041499
LP004568,0.532738
LP004569,0.546517
LP004570,0.105845
LP004571,0.203612
LP004572,0.880569
LP004573,0.193512
LP004574,0.287955
LP004575,0.591747
LP004576,0.892167
LP004577,0.815606
LP004578,0.313448
LP004579,0.299733
LP004580,0.372515
LP004581,0.101961
LP004582,0.458471
LP004583,0.538121
LP004584,0.302075
LP004585,0.197627
LP004586,0.77671
LP004587,0.659851
LP004588,0.657254
LP004589,0.101613
LP004590,0.788241
LP004591,0.283282
LP004592,0.898057
LP004593,0.135
LP004594,0.935444
LP004595,0.600151
LP004596,0.072984
LP004597,0.166429
LP004598,0.42349
LP004599,0.247057
LP004600,0.267053
LP004601,0.805671
LP004602,0.576794
LP004603,0.024204
LP004604,0.230567
LP004605,0.430698
LP004606,0.109545
LP004607,0.058261
LP004608,0.129617
LP004609,0.432761
LP004610,0.712051
LP004611,0.826673
LP004612,0.177196
LP004613,0.032242
LP004614,0.862371
LP004615,0.433861
LP004616,0.112074
LP004617,0.154496
LP004618,0.73749
LP004619,0.758557
LP004620,0.151859
LP004621,0.137839
LP004622,0.115314
LP004623,0.098505
LP004624,0.517885
LP004625,0.617979
LP004626,0.383503
LP004627,0.685081
LP004628,0.079188
LP004629,0.265805
LP004630,0.150896
LP004631,0.022421
LP004632,0.19149
LP004633,0.783484
LP004634,0.409581
LP004635,0.480609
LP004636,0.409268
LP004637,0.273042
LP004638,0.11707
LP004639,0.137243
LP004640,0.223983
LP004641,0.264113
LP004642,0.421532
LP004643,0.069744
LP004644,0.21671
LP004645,0.24757
LP004646,0.062705
LP004647,0.453726
LP004648,0.441331
LP004649,0.234982
LP004650,0.524341
LP004651,0.795689
LP004652,0.183335
LP004653,0.569253
LP004654,0.409519
LP004655,0.733891
LP004656,0.859891
LP004657,0.075784
LP004658,0.357437
LP004659,0.671746
LP004660,0.491635
LP004661,0.057402
LP004662,0.199768
LP004663,0.068113
LP004664,0.124035
LP004665,0.226893
LP004666,0.834533
LP004667,0.161334
LP004668,0.36869
LP004669,0.148389
LP004670,0.747622
LP004671,0.65847
LP004672,0.044554
LP004673,0.909022
LP004674,0.945404
LP004675,0.629695
LP004676,0.894319
LP004677,0.938111
LP004678,0.856104
LP004679,0.909024
LP004680,0.095716
LP004681,0.283941
LP004682,0.083404
LP004683,0.048646
LP004684,0.201807
LP004685,0.139293
LP004686,0.868708
LP004687,0.818043
LP004688,0.912637
LP004689,0.320055
LP004690,0.944529
LP004691,0.330208
LP004692,0.218565
LP004693,0.068315
LP004694,0.94708
LP004695,0.553538
LP004696,0.073805
LP004697,0.846395
LP004698,0.3143
LP004699,0.110649
LP004700,0.986077
LP004701,0.219711
LP004702,0.323728
LP004703,0.044028
LP004704,0.110425
LP004705,0.611531
LP004706,0.018404
LP004707,0.624003
LP004708,0.432108
LP004709,0.735765
LP004710,0.986235
LP004711,0.12233
LP004712,0.859001
LP004713,0.043289
LP004714,0.171206
LP004715,0.088409
LP004716,0.805086
LP004717,0.112445
LP004718,0.716639
LP004719,0.164797
LP004720,0.0968
LP004721,0.448546
LP004722,0.467686
LP004723,0.151377
LP004724,0.89361
LP004725,0.181732
LP004726,0.190087
LP004727,0.744723
LP004728,0.840927
LP004729,0.966773
LP004730,0.853733
LP004731,0.893674
LP004732,0.314313
LP004733,0.941125
LP004734,0.89307
LP004735,0.582438
LP004736,0.879602
LP004737,0.033043
LP004738,0.121147
LP004739,0.653054
LP004740,0.314196
LP004741,0.824169
LP004742,0.033625
LP004743,0.4217
LP004744,0.279187
LP004745,0.244184
LP004746,0.054779
LP004747,0.332763
LP004748,0.202751
LP004749,0.050788
LP004750,0.837506
LP004751,0.40608
LP004752,0.104846
LP004753,0.369234
LP004754,0.121364
LP004755,0.081307
LP004756,0.598206
LP004757,0.04307
LP004758,0.058303
LP004759,0.526897
LP004760,0.636305
LP004761,0.49029
LP004762,0.833163
LP004763,0.335177
LP004764,0.759345
LP004765,0.724188
LP004766,0.080656
LP004767,0.113128
LP004768,0.38975
LP004769,0.052216
LP004770,0.579817
LP004771,0.429311
LP004772,0.212109
LP004773,0.22046
LP004774,0.246044
LP004775,0.068056
LP004776,0.625283
LP004777,0.828684
LP004778,0.83975
LP004779,0.945273
LP004780,0.308213
LP004781,0.127728
LP004782,0.60579
LP004783,0.850792
LP004784,0.920561
LP004785,0.177309
LP004786,0.540724
LP004787,0.690163
LP004788,0.160674
LP004789,0.401394
LP004790,0.260656
LP004791,0.073656
LP004792,0.024772
LP004793,0.525811
LP004794,0.146888
LP004795,0.753339
LP004796,0.114863
LP004797,0.82807
LP004798,0.68419
LP004799,0.639959
LP004800,0.362987
LP004801,0.164459
LP004802,0.379613
LP004803,0.110035
LP004804,0.727484
LP004805,0.39732
LP004806,0.247811
LP004807,0.294012
LP004808,0.106284
LP004809,0.165656
LP004810,0.036067
LP004811,0.171869
LP004812,0.143306
LP004813,0.594413
LP004814,0.50032
LP004815,0.697099
LP004816,0.727908
LP004817,0.43998
LP004818,0.884306
LP004819,0.233879
LP004820,0.509403
LP004821,0.566826
LP004822,0.199181
LP004823,0.042774
LP004824,0.647167
LP004825,0.12497
LP004826,0.674405
LP004827,0.282588
LP004828,0.407099
LP004829,0.097536
LP004830,0.183717
LP004831,0.533011
LP004832,0.693147
LP004833,0.224269
LP004834,0.337113
LP004835,0.193477
LP004836,0.236662
LP004837,0.203282
LP004838,0.831451
LP004839,0.97903
LP004840,0.031858
LP004841,0.104256
LP004842,0.198171
LP004843,0.43732
LP004844,0.548223
LP004845,0.114626
LP004846,0.045335
LP004847,0.444784
LP004848,0.095554
LP004849,0.861479
LP004850,0.497921
LP004851,0.810657
LP004852,0.25379
LP004853,0.298497
LP004854,0.079023
LP004855,0.758855
LP004856,0.206525
LP004857,0.64928
LP004858,0.024013
LP004859,0.29159
LP004860,0.346306
LP004861,0.744665
LP004862,0.107012
LP004863,0.367653
LP004864,0.513133
LP004865,0.981581
LP004866,0.679013
LP004867,0.09796
LP004868,0.246907
LP004869,0.795687
LP004870,0.045975
LP004871,0.931092
LP004872,0.06169
LP004873,0.249386
LP004874,0.102957
LP004875,0.786999
LP004876,0.294218
LP004877,0.645656
LP004878,0.920026
LP004879,0.334166
LP004880,0.073772
LP004881,0.097405
LP004882,0.578188
LP004883,0.685284
LP004884,0.297635
LP004885,0.423532
LP004886,0.764459
LP004887,0.441186
LP004888,0.935883
LP004889,0.250343
LP004890,0.801506
LP004891,0.024078
LP004892,0.536828
LP004893,0.326623
LP004894,0.367477
LP004895,0.474614
LP004896,0.835809
LP004897,0.772048
LP004898,0.225789
LP004899,0.047454
LP004900,0.902584
LP004901,0.017842
LP004902,0.126766
LP004903,0.40258
LP004904,0.093649
LP004905,0.970822
LP004906,0.317509
LP004907,0.176347
LP004908,0.094074
LP004909,0.879981
LP004910,0.733748
LP004911,0.517328
LP004912,0.26611
LP004913,0.20197
LP004914,0.975149
LP004915,0.898229
LP004916,0.863367
LP004917,0.73983
LP004918,0.266562
LP004919,0.166345
LP004920,0.321591
LP004921,0.661505
LP004922,0.898413
LP004923,0.204382
LP004924,0.316974
LP004925,0.469229
LP004926,0.069856
LP004927,0.125504
LP004928,0.43178
LP004929,0.71702
LP004930,0.20901
LP004931,0.054452
LP004932,0.078257
LP004933,0.476864
LP004934,0.098667
LP004935,0.960598
LP004936,0.008282
LP004937,0.026995
LP004938,0.521919
LP004939,0.19754
LP004940,0.934985
LP004941,0.316857
LP004942,0.886443
LP004943,0.62298
LP004944,0.156455
LP004945,0.370806
LP004946,0.510622
LP004947,0.353334
LP004948,0.419905
LP004949,0.310822
LP004950,0.037967
LP004951,0.100415
LP004952,0.189398
LP004953,0.927514
LP004954,0.129569
LP004955,0.317497
LP004956,0.241378
LP004957,0.912635
LP004958,0.713035
LP004959,0.627356
LP004960,0.242655
LP004961,0.193102
LP004962,0.247694
LP004963,0.0784
LP004964,0.367213
LP004965,0.300208
LP004966,0.612733
LP004967,0.161271
LP004968,0.634507
LP004969,0.451814
LP004970,0.846524
LP004971,0.035877
LP004972,0.724126
LP004973,0.80822
LP004974,0.481325
LP004975,0.259067
LP004976,0.643998
LP004977,0.540566
LP004978,0.57194
LP004979,0.719095
LP004980,0.329997
LP004981,0.457893
LP004982,0.661612
LP004983,0.184492
LP004984,0.921792
LP004985,0.625596
LP004986,0.511817
LP004987,0.488608
LP004988,0.611918
LP004989,0.297298
LP004990,0.062808
LP004991,0.508072
LP004992,0.100135
LP004993,0.310984
LP004994,0.375844
LP004995,0.786641
LP004996,0.101316
LP004997,0.152754
LP004998,0.148852
LP004999,0.709189
LP005000,0.108083
